Astex_Diverse_Set,Protein_Class,Uniprot_ID,Protein_ID,Ligand_Name,Chain,resolution,mutated,count
1OQ5,4.2.1.1,P00918,3T85,SG7,A,2.4,0,303
1OQ5,4.2.1.1,P00918,1OKN,STB,A,2.4,0,303
1OQ5,4.2.1.1,P00918,1BNV,AL7,A,2.4,0,303
1OQ5,4.2.1.1,P00918,1BNQ,AL4,A,2.4,0,303
1OQ5,4.2.1.1,P00918,1CNY,EG3,A,2.3,0,303
1OQ5,4.2.1.1,P00918,1BNN,AL1,A,2.3,0,303
1OQ5,4.2.1.1,P00918,1KWR,SG2,A,2.25,0,303
1OQ5,4.2.1.1,P00918,1BNW,TPD,A,2.25,0,303
1OQ5,4.2.1.1,P00918,3IBN,O60,A,2.2,0,303
1OQ5,4.2.1.1,P00918,1OKM,SAB,A,2.2,0,303
1OQ5,4.2.1.1,P00918,1BN3,AL6,A,2.2,0,303
1OQ5,4.2.1.1,P00918,4LP6,Q4I,"A,B",2.15,0,303
1OQ5,4.2.1.1,P00918,1BNU,AL3,A,2.15,0,303
1OQ5,4.2.1.1,P00918,1BNT,AL2,A,2.15,0,303
1OQ5,4.2.1.1,P00918,2X7U,WZA,A,2.12,0,303
1OQ5,4.2.1.1,P00918,3NI5,C1H,A,2.1,0,303
1OQ5,4.2.1.1,P00918,3BL1,BL1,A,2.1,0,303
1OQ5,4.2.1.1,P00918,2O4Z,HSW,A,2.1,0,303
1OQ5,4.2.1.1,P00918,1OKL,MNS,A,2.1,0,303
1OQ5,4.2.1.1,P00918,1EOU,SMS,A,2.1,0,303
1OQ5,4.2.1.1,P00918,1CIN,MTS,A,2.1,0,303
1OQ5,4.2.1.1,P00918,1CIM,PTS,A,2.1,0,303
1OQ5,4.2.1.1,P00918,1BN4,AL9,A,2.1,0,303
1OQ5,4.2.1.1,P00918,1BN1,AL5,A,2.1,0,303
1OQ5,4.2.1.1,P00918,2WEH,FB1,A,2.09,0,303
1OQ5,4.2.1.1,P00918,1IF6,FBU,A,2.09,0,303
1OQ5,4.2.1.1,P00918,6RVF,KKH,A,2.07,0,303
1OQ5,4.2.1.1,P00918,5FNG,YIE,A,2.05,0,303
1OQ5,4.2.1.1,P00918,1XPZ,4TZ,A,2.02,0,303
1OQ5,4.2.1.1,P00918,4Z1E,DF5,A,2.01,0,303
1OQ5,4.2.1.1,P00918,5BNL,2HC,A,2.0,0,303
1OQ5,4.2.1.1,P00918,4MLT,TM4,A,2.0,0,303
1OQ5,4.2.1.1,P00918,4KNJ,E1F,A,2.0,0,303
1OQ5,4.2.1.1,P00918,3T84,SG6,A,2.0,0,303
1OQ5,4.2.1.1,P00918,3T82,SG4,A,2.0,0,303
1OQ5,4.2.1.1,P00918,3P4V,PMX,A,2.0,0,303
1OQ5,4.2.1.1,P00918,3IEO,BEZ,A,2.0,0,303
1OQ5,4.2.1.1,P00918,3IEO,AMJ,A,2.0,0,303
1OQ5,4.2.1.1,P00918,3F8E,TE1,A,2.0,0,303
1OQ5,4.2.1.1,P00918,3CA2,AMS,A,2.0,0,303
1OQ5,4.2.1.1,P00918,2GEH,NHY,A,2.0,0,303
1OQ5,4.2.1.1,P00918,2EZ7,DHI,A,2.0,0,303
1OQ5,4.2.1.1,P00918,2ABE,HIS,A,2.0,0,303
1OQ5,4.2.1.1,P00918,1ZE8,PIU,A,2.0,0,303
1OQ5,4.2.1.1,P00918,1IF9,SBB,A,2.0,0,303
1OQ5,4.2.1.1,P00918,1IF5,FBT,A,2.0,0,303
1OQ5,4.2.1.1,P00918,1I91,INQ,A,2.0,0,303
1OQ5,4.2.1.1,P00918,1I90,INM,A,2.0,0,303
1OQ5,4.2.1.1,P00918,1CNW,EG1,A,2.0,0,303
1OQ5,4.2.1.1,P00918,1AVN,HSM,A,2.0,0,303
1OQ5,4.2.1.1,P00918,1AM6,HAE,A,2.0,0,303
1OQ5,4.2.1.1,P00918,3K2F,NKX,A,1.98,0,303
1OQ5,4.2.1.1,P00918,1IF7,SBR,A,1.98,0,303
1OQ5,4.2.1.1,P00918,4QSI,EWZ,A,1.95,0,303
1OQ5,4.2.1.1,P00918,1TTM,667,A,1.95,0,303
1OQ5,4.2.1.1,P00918,6H2Z,FKE,A,1.94,0,303
1OQ5,4.2.1.1,P00918,1IF8,SBS,A,1.94,0,303
1OQ5,4.2.1.1,P00918,3IBI,BOW,A,1.93,0,303
1OQ5,4.2.1.1,P00918,1IF4,FBS,A,1.93,0,303
1OQ5,4.2.1.1,P00918,1I8Z,INL,A,1.93,0,303
1OQ5,4.2.1.1,P00918,3MHL,J71,A,1.9,0,303
1OQ5,4.2.1.1,P00918,3K7K,KCS,A,1.9,0,303
1OQ5,4.2.1.1,P00918,3F4X,KLT,A,1.9,0,303
1OQ5,4.2.1.1,P00918,3DD8,2C7,A,1.9,0,303
1OQ5,4.2.1.1,P00918,3BL0,BL0,A,1.9,0,303
1OQ5,4.2.1.1,P00918,2Q1Q,OSP,A,1.9,0,303
1OQ5,4.2.1.1,P00918,2HKK,ALE,A,1.9,0,303
1OQ5,4.2.1.1,P00918,2H15,B19,A,1.9,0,303
1OQ5,4.2.1.1,P00918,1CRA,TRI,A,1.9,0,303
1OQ5,4.2.1.1,P00918,1CNX,EG2,A,1.9,0,303
1OQ5,4.2.1.1,P00918,1BCD,FMS,A,1.9,0,303
1OQ5,4.2.1.1,P00918,3B4F,TUO,A,1.89,0,303
1OQ5,4.2.1.1,P00918,2X7T,WZB,A,1.89,0,303
1OQ5,4.2.1.1,P00918,5FDI,5WM,A,1.85,0,303
1OQ5,4.2.1.1,P00918,4MO8,2VQ,A,1.85,0,303
1OQ5,4.2.1.1,P00918,3EFT,3BS,A,1.85,0,303
1OQ5,4.2.1.1,P00918,3BET,CTF,A,1.85,0,303
1OQ5,4.2.1.1,P00918,4BF6,X0Q,A,1.82,0,303
1OQ5,4.2.1.1,P00918,3FFP,LC1,X,1.81,0,303
1OQ5,4.2.1.1,P00918,6QFU,J0K,A,1.8,0,303
1OQ5,4.2.1.1,P00918,5O07,1VQ,A,1.8,0,303
1OQ5,4.2.1.1,P00918,5GMN,949,A,1.8,0,303
1OQ5,4.2.1.1,P00918,4XE1,IL5,A,1.8,0,303
1OQ5,4.2.1.1,P00918,4QTL,WWO,A,1.8,0,303
1OQ5,4.2.1.1,P00918,4Q7S,2YU,A,1.8,0,303
1OQ5,4.2.1.1,P00918,4KNI,E1E,A,1.8,0,303
1OQ5,4.2.1.1,P00918,3T83,SG5,A,1.8,0,303
1OQ5,4.2.1.1,P00918,3T83,MG5,A,1.8,0,303
1OQ5,4.2.1.1,P00918,3RZ7,RZ7,A,1.8,0,303
1OQ5,4.2.1.1,P00918,3RZ0,RZ0,B,1.8,0,303
1OQ5,4.2.1.1,P00918,3NB5,R21,A,1.8,0,303
1OQ5,4.2.1.1,P00918,3MNU,BON,A,1.8,0,303
1OQ5,4.2.1.1,P00918,3ML2,SU0,A,1.8,0,303
1OQ5,4.2.1.1,P00918,3M67,E36,A,1.8,0,303
1OQ5,4.2.1.1,P00918,3HKN,MFS,A,1.8,0,303
1OQ5,4.2.1.1,P00918,2HD6,BOS,A,1.8,0,303
1OQ5,4.2.1.1,P00918,1G52,F2B,A,1.8,0,303
1OQ5,4.2.1.1,P00918,1XQ0,4TR,A,1.76,0,303
1OQ5,4.2.1.1,P00918,5N0E,8F3,A,1.75,0,303
1OQ5,4.2.1.1,P00918,5FDC,5WN,A,1.75,0,303
1OQ5,4.2.1.1,P00918,4QJM,V1F,A,1.75,0,303
1OQ5,4.2.1.1,P00918,3SAP,E2I,A,1.75,0,303
1OQ5,4.2.1.1,P00918,2POW,I7C,A,1.75,0,303
1OQ5,4.2.1.1,P00918,6RVL,KKE,A,1.72,0,303
1OQ5,4.2.1.1,P00918,2F14,FL1,A,1.71,0,303
1OQ5,4.2.1.1,P00918,6RW1,KL5,A,1.7,0,303
1OQ5,4.2.1.1,P00918,6MBV,NIO,A,1.7,0,303
1OQ5,4.2.1.1,P00918,5NEE,8V5,A,1.7,0,303
1OQ5,4.2.1.1,P00918,5N0D,8F2,A,1.7,0,303
1OQ5,4.2.1.1,P00918,5LMD,RC4,A,1.7,0,303
1OQ5,4.2.1.1,P00918,5J8Z,6KE,A,1.7,0,303
1OQ5,4.2.1.1,P00918,5J8Z,FC4,A,1.7,0,303
1OQ5,4.2.1.1,P00918,5FLQ,IO2,A,1.7,0,303
1OQ5,4.2.1.1,P00918,5DOG,5DT,A,1.7,0,303
1OQ5,4.2.1.1,P00918,4ITP,1GD,A,1.7,0,303
1OQ5,4.2.1.1,P00918,3RZ8,RZ8,A,1.7,0,303
1OQ5,4.2.1.1,P00918,3R17,5UM,B,1.7,0,303
1OQ5,4.2.1.1,P00918,3MHC,ARZ,A,1.7,0,303
1OQ5,4.2.1.1,P00918,3M5E,JDR,A,1.7,0,303
1OQ5,4.2.1.1,P00918,3D8W,D8W,A,1.7,0,303
1OQ5,4.2.1.1,P00918,3CYU,0CR,A,1.7,0,303
1OQ5,4.2.1.1,P00918,3CYU,1CR,A,1.7,0,303
1OQ5,4.2.1.1,P00918,3C7P,POF,A,1.7,0,303
1OQ5,4.2.1.1,P00918,5SZ3,72H,A,1.69,0,303
1OQ5,4.2.1.1,P00918,3M3X,JS7,A,1.68,0,303
1OQ5,4.2.1.1,P00918,5FNJ,YI6,A,1.67,0,303
1OQ5,4.2.1.1,P00918,5FLT,VJJ,A,1.67,0,303
1OQ5,4.2.1.1,P00918,5FLS,6ZX,A,1.67,0,303
1OQ5,4.2.1.1,P00918,5FLO,J4K,A,1.66,0,303
1OQ5,4.2.1.1,P00918,6EQU,BVE,A,1.65,0,303
1OQ5,4.2.1.1,P00918,4RFC,3O1,A,1.65,0,303
1OQ5,4.2.1.1,P00918,4Q7P,3MH,A,1.65,0,303
1OQ5,4.2.1.1,P00918,4MLX,TM7,A,1.65,0,303
1OQ5,4.2.1.1,P00918,3T5Z,B09,A,1.65,0,303
1OQ5,4.2.1.1,P00918,3SBH,E65,A,1.65,0,303
1OQ5,4.2.1.1,P00918,3RZ5,RZ5,A,1.65,0,303
1OQ5,4.2.1.1,P00918,3N2P,AYX,A,1.65,0,303
1OQ5,4.2.1.1,P00918,3M2N,J74,A,1.65,0,303
1OQ5,4.2.1.1,P00918,4RUZ,3W8,A,1.63,0,303
1OQ5,4.2.1.1,P00918,4RFD,3O5,A,1.63,0,303
1OQ5,4.2.1.1,P00918,6B5A,CQS,A,1.62,0,303
1OQ5,4.2.1.1,P00918,5W8B,A57,A,1.6,0,303
1OQ5,4.2.1.1,P00918,5FNI,YIH,A,1.6,0,303
1OQ5,4.2.1.1,P00918,5E2R,520,A,1.6,0,303
1OQ5,4.2.1.1,P00918,4ZX0,5L2,A,1.6,0,303
1OQ5,4.2.1.1,P00918,4ZWI,62I,A,1.6,0,303
1OQ5,4.2.1.1,P00918,4Q7V,5MH,A,1.6,0,303
1OQ5,4.2.1.1,P00918,4IWZ,1GO,A,1.6,0,303
1OQ5,4.2.1.1,P00918,4ILX,1EZ,A,1.6,0,303
1OQ5,4.2.1.1,P00918,3RYX,RYX,B,1.6,0,303
1OQ5,4.2.1.1,P00918,3R16,5UN,A,1.6,0,303
1OQ5,4.2.1.1,P00918,3OY0,OY0,A,1.6,0,303
1OQ5,4.2.1.1,P00918,3N4B,WWZ,A,1.6,0,303
1OQ5,4.2.1.1,P00918,3M40,J45,A,1.6,0,303
1OQ5,4.2.1.1,P00918,3DAZ,MZM,A,1.6,0,303
1OQ5,4.2.1.1,P00918,2POV,I7B,A,1.6,0,303
1OQ5,4.2.1.1,P00918,2POU,I7A,A,1.6,0,303
1OQ5,4.2.1.1,P00918,2OSM,HTS,A,1.6,0,303
1OQ5,4.2.1.1,P00918,2OSF,S24,A,1.6,0,303
1OQ5,4.2.1.1,P00918,2OSF,TH0,A,1.6,0,303
1OQ5,4.2.1.1,P00918,2FMZ,DPN,A,1.6,0,303
1OQ5,4.2.1.1,P00918,2FMG,PHE,A,1.6,0,303
1OQ5,4.2.1.1,P00918,2EU3,FF3,A,1.6,0,303
1OQ5,4.2.1.1,P00918,1CIL,ETS,A,1.6,0,303
1OQ5,4.2.1.1,P00918,5U0D,7R7,A,1.59,0,303
1OQ5,4.2.1.1,P00918,6RVK,R29,A,1.58,0,303
1OQ5,4.2.1.1,P00918,6H33,FKQ,A,1.58,0,303
1OQ5,4.2.1.1,P00918,6GOT,F6W,A,1.56,0,303
1OQ5,4.2.1.1,P00918,6H34,FKK,A,1.55,0,303
1OQ5,4.2.1.1,P00918,6CJV,G2Y,A,1.55,0,303
1OQ5,4.2.1.1,P00918,5CLU,S8A,A,1.55,0,303
1OQ5,4.2.1.1,P00918,5AMG,IW7,A,1.55,0,303
1OQ5,4.2.1.1,P00918,4Q9Y,M3T,A,1.55,0,303
1OQ5,4.2.1.1,P00918,4Q8X,7FH,A,1.55,0,303
1OQ5,4.2.1.1,P00918,4Q87,4FH,A,1.55,0,303
1OQ5,4.2.1.1,P00918,4Q83,3FH,A,1.55,0,303
1OQ5,4.2.1.1,P00918,4Q81,7MH,A,1.55,0,303
1OQ5,4.2.1.1,P00918,4MDM,26E,A,1.55,0,303
1OQ5,4.2.1.1,P00918,4KV0,MB7,A,1.55,0,303
1OQ5,4.2.1.1,P00918,4E3G,PHB,A,1.55,0,303
1OQ5,4.2.1.1,P00918,3IBL,O59,A,1.55,0,303
1OQ5,4.2.1.1,P00918,2HNC,1SA,A,1.55,0,303
1OQ5,4.2.1.1,P00918,2HL4,BO1,A,1.55,0,303
1OQ5,4.2.1.1,P00918,5U0G,7QY,A,1.54,0,303
1OQ5,4.2.1.1,P00918,4Q90,4H2,A,1.54,0,303
1OQ5,4.2.1.1,P00918,4N16,CHD,A,1.54,0,303
1OQ5,4.2.1.1,P00918,3OYS,OYS,A,1.54,0,303
1OQ5,4.2.1.1,P00918,5TY9,7QV,A,1.53,0,303
1OQ5,4.2.1.1,P00918,4RN4,3T7,A,1.53,0,303
1OQ5,4.2.1.1,P00918,4MDL,25Y,A,1.52,0,303
1OQ5,4.2.1.1,P00918,3RZ1,RZ1,B,1.51,0,303
1OQ5,4.2.1.1,P00918,6MBY,FER,A,1.5,0,303
1OQ5,4.2.1.1,P00918,6C7X,EO7,A,1.5,0,303
1OQ5,4.2.1.1,P00918,5TYA,7QS,A,1.5,0,303
1OQ5,4.2.1.1,P00918,5TFX,7B1,A,1.5,0,303
1OQ5,4.2.1.1,P00918,5E2S,5CX,A,1.5,0,303
1OQ5,4.2.1.1,P00918,5AMD,45I,A,1.5,0,303
1OQ5,4.2.1.1,P00918,4ZWY,4SN,A,1.5,0,303
1OQ5,4.2.1.1,P00918,4R5B,3J4,A,1.5,0,303
1OQ5,4.2.1.1,P00918,4QY3,3G1,A,1.5,0,303
1OQ5,4.2.1.1,P00918,4QSA,EWW,A,1.5,0,303
1OQ5,4.2.1.1,P00918,4Q99,HT4,A,1.5,0,303
1OQ5,4.2.1.1,P00918,4Q8Z,4HO,A,1.5,0,303
1OQ5,4.2.1.1,P00918,4E3H,HQE,A,1.5,0,303
1OQ5,4.2.1.1,P00918,3P5L,IT5,A,1.5,0,303
1OQ5,4.2.1.1,P00918,3N3J,WWV,A,1.5,0,303
1OQ5,4.2.1.1,P00918,3N0N,P9B,A,1.5,0,303
1OQ5,4.2.1.1,P00918,3MZC,S6I,A,1.5,0,303
1OQ5,4.2.1.1,P00918,3MNA,DWH,A,1.5,0,303
1OQ5,4.2.1.1,P00918,3MMF,D9H,A,1.5,0,303
1OQ5,4.2.1.1,P00918,3MHM,J75,A,1.5,0,303
1OQ5,4.2.1.1,P00918,1OQ5,CEL,A,1.5,0,303
1OQ5,4.2.1.1,P00918,3P5A,IT2,A,1.49,0,303
1OQ5,4.2.1.1,P00918,3P58,P58,A,1.49,0,303
1OQ5,4.2.1.1,P00918,2WD2,MS5,A,1.49,0,303
1OQ5,4.2.1.1,P00918,4Z1N,4KD,A,1.47,0,303
1OQ5,4.2.1.1,P00918,3PO6,DT9,A,1.47,0,303
1OQ5,4.2.1.1,P00918,3PO6,RDT,A,1.47,0,303
1OQ5,4.2.1.1,P00918,3OYQ,OYQ,A,1.47,0,303
1OQ5,4.2.1.1,P00918,6H29,FK8,A,1.46,0,303
1OQ5,4.2.1.1,P00918,2AW1,COX,A,1.46,0,303
1OQ5,4.2.1.1,P00918,6QFV,J0N,A,1.45,0,303
1OQ5,4.2.1.1,P00918,6OE1,M8V,A,1.45,0,303
1OQ5,4.2.1.1,P00918,4Z0Q,4K9,A,1.45,0,303
1OQ5,4.2.1.1,P00918,4Q8Y,HQT,A,1.45,0,303
1OQ5,4.2.1.1,P00918,4Q7W,6MH,A,1.45,0,303
1OQ5,4.2.1.1,P00918,4KAP,1QV,A,1.45,0,303
1OQ5,4.2.1.1,P00918,4E4A,JKE,A,1.45,0,303
1OQ5,4.2.1.1,P00918,4CQ0,SXS,A,1.45,0,303
1OQ5,4.2.1.1,P00918,2QP6,MB1,A,1.45,0,303
1OQ5,4.2.1.1,P00918,6HX5,GXE,A,1.44,0,303
1OQ5,4.2.1.1,P00918,5EH7,5O5,A,1.43,0,303
1OQ5,4.2.1.1,P00918,3IBU,O48,A,1.41,0,303
1OQ5,4.2.1.1,P00918,5NY3,9E8,A,1.4,0,303
1OQ5,4.2.1.1,P00918,4QSB,EWY,A,1.4,0,303
1OQ5,4.2.1.1,P00918,3SBI,E90,A,1.4,0,303
1OQ5,4.2.1.1,P00918,3M96,E38,A,1.4,0,303
1OQ5,4.2.1.1,P00918,2WEO,FBW,A,1.4,0,303
1OQ5,4.2.1.1,P00918,2QO8,3CC,A,1.4,0,303
1OQ5,4.2.1.1,P00918,5VGY,9AA,A,1.39,0,303
1OQ5,4.2.1.1,P00918,5EHW,5OO,A,1.39,0,303
1OQ5,4.2.1.1,P00918,3RYJ,RYJ,B,1.39,0,303
1OQ5,4.2.1.1,P00918,5EH8,5O6,A,1.38,0,303
1OQ5,4.2.1.1,P00918,3RYZ,RYZ,A,1.37,0,303
1OQ5,4.2.1.1,P00918,5AML,51J,A,1.36,0,303
1OQ5,4.2.1.1,P00918,4Z1K,4KB,A,1.35,0,303
1OQ5,4.2.1.1,P00918,4BF1,9FK,A,1.35,0,303
1OQ5,4.2.1.1,P00918,3MYQ,E27,A,1.35,0,303
1OQ5,4.2.1.1,P00918,3M1K,BEW,A,1.35,0,303
1OQ5,4.2.1.1,P00918,5THN,7CZ,A,1.33,0,303
1OQ5,4.2.1.1,P00918,6QFX,JR3,A,1.32,0,303
1OQ5,4.2.1.1,P00918,6UH0,PX7,A,1.31,0,303
1OQ5,4.2.1.1,P00918,6UGR,Q71,A,1.31,0,303
1OQ5,4.2.1.1,P00918,6H3Q,FMH,A,1.31,0,303
1OQ5,4.2.1.1,P00918,6OE0,M8S,A,1.3,0,303
1OQ5,4.2.1.1,P00918,5E28,BC5,A,1.3,0,303
1OQ5,4.2.1.1,P00918,4QIY,WWX,"A,B,C,D",1.3,0,303
1OQ5,4.2.1.1,P00918,3S9T,E49,A,1.3,0,303
1OQ5,4.2.1.1,P00918,3S8X,E59,A,1.3,0,303
1OQ5,4.2.1.1,P00918,6C7W,LMS,A,1.28,0,303
1OQ5,4.2.1.1,P00918,5U0E,7R4,A,1.27,0,303
1OQ5,4.2.1.1,P00918,5SZ5,72E,A,1.27,0,303
1OQ5,4.2.1.1,P00918,4Z1J,4KC,A,1.27,0,303
1OQ5,4.2.1.1,P00918,5WEX,8JS,A,1.26,0,303
1OQ5,4.2.1.1,P00918,5NXP,9DH,A,1.25,0,303
1OQ5,4.2.1.1,P00918,5U0F,7R1,A,1.21,0,303
1OQ5,4.2.1.1,P00918,5TXY,7Q1,A,1.21,0,303
1OQ5,4.2.1.1,P00918,5EHV,5ON,A,1.21,0,303
1OQ5,4.2.1.1,P00918,5EH5,XCZ,A,1.21,0,303
1OQ5,4.2.1.1,P00918,6R6F,EA3,A,1.2,0,303
1OQ5,4.2.1.1,P00918,6QFW,JR8,A,1.2,0,303
1OQ5,4.2.1.1,P00918,6B4D,53X,A,1.2,0,303
1OQ5,4.2.1.1,P00918,5NXG,RA1,A,1.2,0,303
1OQ5,4.2.1.1,P00918,3RYV,RYV,B,1.2,0,303
1OQ5,4.2.1.1,P00918,2NNG,ZYX,A,1.2,0,303
1OQ5,4.2.1.1,P00918,5MJN,7O8,A,1.17,0,303
1OQ5,4.2.1.1,P00918,5NXI,9DE,A,1.16,0,303
1OQ5,4.2.1.1,P00918,6IC2,BBJ,A,1.15,0,303
1OQ5,4.2.1.1,P00918,5BYI,4WA,A,1.15,0,303
1OQ5,4.2.1.1,P00918,3MHO,J43,A,1.15,0,303
1OQ5,4.2.1.1,P00918,2EU2,5DS,A,1.15,0,303
1OQ5,4.2.1.1,P00918,4RUY,3W6,A,1.14,0,303
1OQ5,4.2.1.1,P00918,4RUX,3W3,A,1.14,0,303
1OQ5,4.2.1.1,P00918,6G6T,ENN,A,1.12,0,303
1OQ5,4.2.1.1,P00918,4Q6E,KR5,A,1.12,0,303
1OQ5,4.2.1.1,P00918,4Q6D,WW3,A,1.12,0,303
1OQ5,4.2.1.1,P00918,5NY6,9EB,A,1.1,0,303
1OQ5,4.2.1.1,P00918,5NY6,R92,A,1.1,0,303
1OQ5,4.2.1.1,P00918,5NY1,9E5,A,1.1,0,303
1OQ5,4.2.1.1,P00918,5NXV,9E2,A,1.1,0,303
1OQ5,4.2.1.1,P00918,5DRS,5EF,A,1.1,0,303
1OQ5,4.2.1.1,P00918,3SAX,E50,A,1.1,0,303
1OQ5,4.2.1.1,P00918,2WEG,FBV,A,1.1,0,303
1OQ5,4.2.1.1,P00918,4PZH,V13,A,1.06,0,303
1OQ5,4.2.1.1,P00918,5LJQ,ANV,A,1.05,0,303
1OQ5,4.2.1.1,P00918,5DOH,5DU,"A,B",1.05,0,303
1OQ5,4.2.1.1,P00918,3VBD,0FZ,A,1.05,0,303
1OQ5,4.2.1.1,P00918,3V7X,D7A,A,1.03,0,303
1OQ5,4.2.1.1,P00918,6G3Q,FO9,A,1.01,0,303
1OQ5,4.2.1.1,P00918,4YX4,FB2,A,1.01,0,303
1OQ5,4.2.1.1,P00918,5LJT,A6N,A,1.0,0,303
1OQ5,4.2.1.1,P00918,4Q78,25X,A,1.0,0,303
1OQ5,4.2.1.1,P00918,3K34,SUA,A,0.9,0,303
1MMV,1.14.13.39,P29476,3B3P,JI7,"A,B",2.45,0,195
1MMV,1.14.13.39,P29476,4JSH,Q15,"A,B",2.35,0,195
1MMV,1.14.13.39,P29476,5AD9,8VJ,"A,B",2.3,0,195
1MMV,1.14.13.39,P29476,4CTT,S7K,"A,B",2.3,0,195
1MMV,1.14.13.39,P29476,3N5V,XFH,"A,B",2.3,0,195
1MMV,1.14.13.39,P29476,1TLL,FAD,"A,B",2.3,0,195
1MMV,1.14.13.39,P29476,1TLL,FMN,"A,B",2.3,0,195
1MMV,1.14.13.39,P29476,1TLL,NAP,"A,B",2.3,0,195
1MMV,1.14.13.39,P29476,1QWC,14W,A,2.3,0,195
1MMV,1.14.13.39,P29476,1OM5,INE,"A,B",2.3,0,195
1MMV,1.14.13.39,P29476,4KCI,1QE,"A,B",2.27,0,195
1MMV,1.14.13.39,P29476,4K5F,Q14,"A,B",2.2,0,195
1MMV,1.14.13.39,P29476,4IMW,1EV,"A,B",2.2,0,195
1MMV,1.14.13.39,P29476,4IMT,1EW,"A,B",2.2,0,195
1MMV,1.14.13.39,P29476,4CTR,S20,"A,B",2.2,0,195
1MMV,1.14.13.39,P29476,1K2U,TFM,"A,B",2.2,0,195
1MMV,1.14.13.39,P29476,1K2T,PTU,"A,B",2.2,0,195
1MMV,1.14.13.39,P29476,3SVQ,JK4,"A,B",2.18,0,195
1MMV,1.14.13.39,P29476,3N5Z,XFM,"A,B",2.18,0,195
1MMV,1.14.13.39,P29476,3JTA,JM6,"A,B",2.18,0,195
1MMV,1.14.13.39,P29476,3UFO,HW4,"A,B",2.17,0,195
1MMV,1.14.13.39,P29476,4CTU,S42,"A,B",2.16,0,195
1MMV,1.14.13.39,P29476,4KCH,H38,"A,B",2.15,0,195
1MMV,1.14.13.39,P29476,4IMS,12S,"A,B",2.15,0,195
1MMV,1.14.13.39,P29476,3JT3,JM2,"A,B",2.15,0,195
1MMV,1.14.13.39,P29476,2HX4,4HX,"A,B",2.15,0,195
1MMV,1.14.13.39,P29476,1K2R,NRG,"A,B",2.15,0,195
1MMV,1.14.13.39,P29476,4EUX,HW1,"A,B",2.14,0,195
1MMV,1.14.13.39,P29476,4V3W,E2Z,"A,B",2.13,0,195
1MMV,1.14.13.39,P29476,5FVO,D8H,A,2.12,0,195
1MMV,1.14.13.39,P29476,6NHD,KNV,"A,B",2.1,0,195
1MMV,1.14.13.39,P29476,5VUM,XH8,"A,B",2.1,0,195
1MMV,1.14.13.39,P29476,5FVP,WOS,"A,B",2.1,0,195
1MMV,1.14.13.39,P29476,5ADC,TUE,"A,B",2.1,0,195
1MMV,1.14.13.39,P29476,4KCK,H45,"A,B",2.1,0,195
1MMV,1.14.13.39,P29476,4K5D,1Q6,"A,B",2.1,0,195
1MMV,1.14.13.39,P29476,4D32,7F5,"A,B",2.1,0,195
1MMV,1.14.13.39,P29476,3UFR,H5W,"A,B",2.1,0,195
1MMV,1.14.13.39,P29476,3UFP,H4W,"A,B",2.1,0,195
1MMV,1.14.13.39,P29476,3NNY,59R,"A,B",2.1,0,195
1MMV,1.14.13.39,P29476,3NLW,3XF,"A,B",2.1,0,195
1MMV,1.14.13.39,P29476,3NLV,3XA,"A,B",2.1,0,195
1MMV,1.14.13.39,P29476,3JT7,JM5,"A,B",2.1,0,195
1MMV,1.14.13.39,P29476,3JT5,JM7,"A,B",2.1,0,195
1MMV,1.14.13.39,P29476,4UPN,7LN,"A,B",2.09,0,195
1MMV,1.14.13.39,P29476,4JSI,Q05,"A,B",2.09,0,195
1MMV,1.14.13.39,P29476,4UGZ,4V4,"A,B",2.08,0,195
1MMV,1.14.13.39,P29476,3UFT,HW7,"A,B",2.08,0,195
1MMV,1.14.13.39,P29476,4KCM,1QF,"A,B",2.07,0,195
1MMV,1.14.13.39,P29476,5VUI,M62,"A,B",2.06,0,195
1MMV,1.14.13.39,P29476,4V3V,S8F,"A,B",2.06,0,195
1MMV,1.14.13.39,P29476,4CAP,ML6,"A,B",2.06,0,195
1MMV,1.14.13.39,P29476,3UFQ,HW5,"A,B",2.06,0,195
1MMV,1.14.13.39,P29476,5UNU,8EY,"A,B",2.05,0,195
1MMV,1.14.13.39,P29476,5UNT,8J1,"A,B",2.05,0,195
1MMV,1.14.13.39,P29476,5ADB,XEB,"A,B",2.05,0,195
1MMV,1.14.13.39,P29476,4V3Z,9HL,"A,B",2.05,0,195
1MMV,1.14.13.39,P29476,4KCJ,H36,"A,B",2.05,0,195
1MMV,1.14.13.39,P29476,4JSF,QJ4,"A,B",2.05,0,195
1MMV,1.14.13.39,P29476,4CTP,2IK,"A,B",2.05,0,195
1MMV,1.14.13.39,P29476,3SVP,JK5,"A,B",2.05,0,195
1MMV,1.14.13.39,P29476,3N5Y,XFL,"A,B",2.05,0,195
1MMV,1.14.13.39,P29476,3B3O,JI3,"A,B",2.05,0,195
1MMV,1.14.13.39,P29476,1M00,BHH,"A,B",2.05,0,195
1MMV,1.14.13.39,P29476,1LZZ,IHG,"A,B",2.05,0,195
1MMV,1.14.13.39,P29476,5UNW,8F7,"A,B",2.04,0,195
1MMV,1.14.13.39,P29476,4UH0,SKO,"A,B",2.04,0,195
1MMV,1.14.13.39,P29476,5UNX,8F1,"A,B",2.03,0,195
1MMV,1.14.13.39,P29476,4UH3,S85,"A,B",2.03,0,195
1MMV,1.14.13.39,P29476,4IMU,1ET,"A,B",2.03,0,195
1MMV,1.14.13.39,P29476,6NHE,KNS,"A,B",2.0,0,195
1MMV,1.14.13.39,P29476,6NGZ,KPJ,"A,B",2.0,0,195
1MMV,1.14.13.39,P29476,6NGU,KMJ,"A,B",2.0,0,195
1MMV,1.14.13.39,P29476,5VUT,9OG,"A,B",2.0,0,195
1MMV,1.14.13.39,P29476,5VUQ,P94,"A,B",2.0,0,195
1MMV,1.14.13.39,P29476,5VUL,P64,"A,B",2.0,0,195
1MMV,1.14.13.39,P29476,5UNV,8J7,"A,B",2.0,0,195
1MMV,1.14.13.39,P29476,5AGK,RGE,"A,B",2.0,0,195
1MMV,1.14.13.39,P29476,5AD6,7M3,"A,B",2.0,0,195
1MMV,1.14.13.39,P29476,4FVX,2KJ,"A,B",2.0,0,195
1MMV,1.14.13.39,P29476,4CTQ,S5D,"A,B",2.0,0,195
1MMV,1.14.13.39,P29476,4CDT,M48,"A,B",2.0,0,195
1MMV,1.14.13.39,P29476,3UFW,HW0,"A,B",2.0,0,195
1MMV,1.14.13.39,P29476,3TYM,08R,"A,B",2.0,0,195
1MMV,1.14.13.39,P29476,2HX3,3HX,"A,B",2.0,0,195
1MMV,1.14.13.39,P29476,1VAG,ARR,A,2.0,0,195
1MMV,1.14.13.39,P29476,1MMW,VIO,"A,B",2.0,0,195
1MMV,1.14.13.39,P29476,1MMV,3AR,"A,B",2.0,0,195
1MMV,1.14.13.39,P29476,4V3X,4E8,"A,B",1.99,0,195
1MMV,1.14.13.39,P29476,4UH2,S84,"A,B",1.99,0,195
1MMV,1.14.13.39,P29476,4FVZ,4KJ,"A,B",1.99,0,195
1MMV,1.14.13.39,P29476,3NLY,3XC,"A,B",1.99,0,195
1MMV,1.14.13.39,P29476,6NGP,KKY,"A,B",1.98,0,195
1MMV,1.14.13.39,P29476,5ADA,2SN,"A,B",1.98,0,195
1MMV,1.14.13.39,P29476,5AD4,6M8,"A,B",1.98,0,195
1MMV,1.14.13.39,P29476,4D2Y,L5Z,"A,B",1.98,0,195
1MMV,1.14.13.39,P29476,4CAO,M46,"A,B",1.98,0,195
1MMV,1.14.13.39,P29476,3B3N,JI2,"A,B",1.98,0,195
1MMV,1.14.13.39,P29476,5VUR,9P7,"A,B",1.97,0,195
1MMV,1.14.13.39,P29476,3UFS,HW6,"A,B",1.97,0,195
1MMV,1.14.13.39,P29476,3TYN,CXW,"A,B",1.97,0,195
1MMV,1.14.13.39,P29476,3PNE,8AX,"A,B",1.97,0,195
1MMV,1.14.13.39,P29476,3NNZ,59W,"A,B",1.97,0,195
1MMV,1.14.13.39,P29476,5VUU,9OJ,"A,B",1.96,0,195
1MMV,1.14.13.39,P29476,4V3Y,HLW,"A,B",1.96,0,195
1MMV,1.14.13.39,P29476,4D30,EG8,"A,B",1.96,0,195
1MMV,1.14.13.39,P29476,6NGQ,KLA,"A,B",1.95,0,195
1MMV,1.14.13.39,P29476,6AUQ,BYJ,"A,B",1.95,0,195
1MMV,1.14.13.39,P29476,5VUS,9PM,"A,B",1.95,0,195
1MMV,1.14.13.39,P29476,5VUK,9P1,"A,B",1.95,0,195
1MMV,1.14.13.39,P29476,5VUJ,JHT,"A,B",1.95,0,195
1MMV,1.14.13.39,P29476,5UNR,8EV,"A,B",1.95,0,195
1MMV,1.14.13.39,P29476,5FVS,W66,"A,B",1.95,0,195
1MMV,1.14.13.39,P29476,5AGN,4JK,"A,B",1.95,0,195
1MMV,1.14.13.39,P29476,5AD7,M85,"A,B",1.95,0,195
1MMV,1.14.13.39,P29476,4UPO,6E5,"A,B",1.95,0,195
1MMV,1.14.13.39,P29476,4UH4,Q1T,"A,B",1.95,0,195
1MMV,1.14.13.39,P29476,4FW0,5KJ,"A,B",1.95,0,195
1MMV,1.14.13.39,P29476,4D31,OLW,"A,B",1.95,0,195
1MMV,1.14.13.39,P29476,4CAQ,M68,"A,B",1.95,0,195
1MMV,1.14.13.39,P29476,3JT8,JM4,"A,B",1.95,0,195
1MMV,1.14.13.39,P29476,3B3M,JI1,"A,B",1.95,0,195
1MMV,1.14.13.39,P29476,1RS7,D7P,"A,B",1.95,0,195
1MMV,1.14.13.39,P29476,1RS6,DP2,"A,B",1.95,0,195
1MMV,1.14.13.39,P29476,6NGT,KL7,"A,B",1.94,0,195
1MMV,1.14.13.39,P29476,5VUP,9P4,"A,B",1.94,0,195
1MMV,1.14.13.39,P29476,5AGL,CCW,"A,B",1.94,0,195
1MMV,1.14.13.39,P29476,4JSG,Q10,"A,B",1.94,0,195
1MMV,1.14.13.39,P29476,3PNF,8BX,"A,B",1.94,0,195
1MMV,1.14.13.39,P29476,6NGY,KN4,"A,B",1.93,0,195
1MMV,1.14.13.39,P29476,4KCL,H44,"A,B",1.93,0,195
1MMV,1.14.13.39,P29476,3TYO,DXW,"A,B",1.93,0,195
1MMV,1.14.13.39,P29476,4JSJ,QJ7,"A,B",1.92,0,195
1MMV,1.14.13.39,P29476,3NLZ,3XD,"A,B",1.92,0,195
1MMV,1.14.13.39,P29476,5AD8,9M9,"A,B",1.91,0,195
1MMV,1.14.13.39,P29476,4UPP,PQW,"A,B",1.91,0,195
1MMV,1.14.13.39,P29476,4CAN,M7K,"A,B",1.91,0,195
1MMV,1.14.13.39,P29476,3HSN,HAR,"A,B",1.91,0,195
1MMV,1.14.13.39,P29476,6NH0,KND,"A,B",1.9,0,195
1MMV,1.14.13.39,P29476,6NGS,KL1,"A,B",1.9,0,195
1MMV,1.14.13.39,P29476,6NGN,KL4,"A,B",1.9,0,195
1MMV,1.14.13.39,P29476,6AUX,W82,"A,B",1.9,0,195
1MMV,1.14.13.39,P29476,6AUT,W69,"A,B",1.9,0,195
1MMV,1.14.13.39,P29476,5UNS,8J4,"A,B",1.9,0,195
1MMV,1.14.13.39,P29476,5AGO,VUR,"A,B",1.9,0,195
1MMV,1.14.13.39,P29476,5AD5,M94,"A,B",1.9,0,195
1MMV,1.14.13.39,P29476,4UPM,I5U,"A,B",1.9,0,195
1MMV,1.14.13.39,P29476,4CTW,S71,"A,B",1.9,0,195
1MMV,1.14.13.39,P29476,3TYL,AXW,"A,B",1.9,0,195
1MMV,1.14.13.39,P29476,3N2R,XJH,"A,B",1.9,0,195
1MMV,1.14.13.39,P29476,2G6I,HBI,"A,B",1.9,0,195
1MMV,1.14.13.39,P29476,1P6I,DP3,"A,B",1.9,0,195
1MMV,1.14.13.39,P29476,4K5E,1Q7,"A,B",1.89,0,195
1MMV,1.14.13.39,P29476,4D2Z,K9L,"A,B",1.89,0,195
1MMV,1.14.13.39,P29476,3PNG,8CX,"A,B",1.88,0,195
1MMV,1.14.13.39,P29476,3NLX,3XB,"A,B",1.87,0,195
1MMV,1.14.13.39,P29476,6NGW,KMS,"A,B",1.86,0,195
1MMV,1.14.13.39,P29476,4LUX,QJ8,"A,B",1.86,0,195
1MMV,1.14.13.39,P29476,4KCO,5H4,"A,B",1.86,0,195
1MMV,1.14.13.39,P29476,6AUU,MTL,B,1.85,0,195
1MMV,1.14.13.39,P29476,6AUU,BY7,"A,B",1.85,0,195
1MMV,1.14.13.39,P29476,4KCN,5H3,"A,B",1.85,0,195
1MMV,1.14.13.39,P29476,4K5G,Q13,"A,B",1.85,0,195
1MMV,1.14.13.39,P29476,3NLM,JRR,"A,B",1.85,0,195
1MMV,1.14.13.39,P29476,5FVR,H65,"A,B",1.84,0,195
1MMV,1.14.13.39,P29476,5AGM,WT2,"A,B",1.84,0,195
1MMV,1.14.13.39,P29476,6NGV,KMM,"A,B",1.83,0,195
1MMV,1.14.13.39,P29476,6NGL,KMA,"A,B",1.83,0,195
1MMV,1.14.13.39,P29476,6NGK,KM7,"A,B",1.83,0,195
1MMV,1.14.13.39,P29476,5FVT,W67,"A,B",1.83,0,195
1MMV,1.14.13.39,P29476,4CAM,M87,"A,B",1.83,0,195
1MMV,1.14.13.39,P29476,6NGR,KLD,"A,B",1.82,0,195
1MMV,1.14.13.39,P29476,5UNY,M4R,"A,B",1.82,0,195
1MMV,1.14.13.39,P29476,5UNY,8FD,"A,B",1.82,0,195
1MMV,1.14.13.39,P29476,4CTX,71S,"A,B",1.82,0,195
1MMV,1.14.13.39,P29476,4FVW,1KJ,"A,B",1.81,0,195
1MMV,1.14.13.39,P29476,3NM0,3XE,"A,B",1.81,0,195
1MMV,1.14.13.39,P29476,5VUO,9OS,"A,B",1.8,0,195
1MMV,1.14.13.39,P29476,5FW0,W30,"A,B",1.8,0,195
1MMV,1.14.13.39,P29476,4UH1,EXI,"A,B",1.8,0,195
1MMV,1.14.13.39,P29476,4GQE,6KJ,"A,B",1.8,0,195
1MMV,1.14.13.39,P29476,4D3B,6J0,"A,B",1.8,0,195
1MMV,1.14.13.39,P29476,3JT4,JM8,"A,B",1.8,0,195
1MMV,1.14.13.39,P29476,4D7O,0GD,"A,B",1.78,0,195
1MMV,1.14.13.39,P29476,4CTV,7S7,"A,B",1.78,0,195
1MMV,1.14.13.39,P29476,6NGX,KMV,"A,B",1.77,0,195
1MMV,1.14.13.39,P29476,6NGJ,KLY,"A,B",1.76,0,195
1MMV,1.14.13.39,P29476,6AUV,W79,"A,B",1.76,0,195
1MMV,1.14.13.39,P29476,6AUR,W68,"A,B",1.75,0,195
1MMV,1.14.13.39,P29476,5VUN,9OM,"A,B",1.75,0,195
1MMV,1.14.13.39,P29476,6AUW,W80,"A,B",1.7,0,195
1MMV,1.14.13.39,P29476,6AUS,BYV,"A,B",1.7,0,195
1MMV,1.14.13.39,P29476,4FVY,3KJ,"A,B",1.7,0,195
1MMV,1.14.13.39,P29476,6NGM,KMD,"A,B",1.69,0,195
1MMV,1.14.13.39,P29476,6NGM,H4B,"A,B",1.69,0,195
2BSM,3.6.4.10,P07900,5ZR3,9J0,"A,C,E,G",2.5,0,187
2BSM,3.6.4.10,P07900,2YI5,YI5,A,2.5,0,187
2BSM,3.6.4.10,P07900,2YEG,XQG,B,2.5,0,187
2BSM,3.6.4.10,P07900,2WI7,2KL,A,2.5,0,187
2BSM,3.6.4.10,P07900,2VCJ,2EQ,A,2.5,0,187
2BSM,3.6.4.10,P07900,3K98,1RC,"A,B",2.4,0,187
2BSM,3.6.4.10,P07900,2YEB,2K4,A,2.4,0,187
2BSM,3.6.4.10,P07900,2WI4,ZZ4,A,2.4,0,187
2BSM,3.6.4.10,P07900,4CWO,T62,A,2.31,0,187
2BSM,3.6.4.10,P07900,5LO0,70N,A,2.3,0,187
2BSM,3.6.4.10,P07900,4CWS,G3R,A,2.3,0,187
2BSM,3.6.4.10,P07900,2YEE,2EC,A,2.3,0,187
2BSM,3.6.4.10,P07900,2YE8,2D3,A,2.3,0,187
2BSM,3.6.4.10,P07900,2YE4,2FY,A,2.3,0,187
2BSM,3.6.4.10,P07900,2WI1,ZZ2,A,2.3,0,187
2BSM,3.6.4.10,P07900,2CCT,2E1,A,2.3,0,187
2BSM,3.6.4.10,P07900,2XHT,C0Y,A,2.27,0,187
2BSM,3.6.4.10,P07900,2XJG,XJG,A,2.25,0,187
2BSM,3.6.4.10,P07900,6EI5,B5Q,A,2.2,0,187
2BSM,3.6.4.10,P07900,5FNC,IEE,A,2.2,0,187
2BSM,3.6.4.10,P07900,2YEJ,XQK,A,2.2,0,187
2BSM,3.6.4.10,P07900,2YEJ,ZZ3,A,2.2,0,187
2BSM,3.6.4.10,P07900,2YE9,2D4,A,2.2,0,187
2BSM,3.6.4.10,P07900,2YE7,2GA,A,2.2,0,187
2BSM,3.6.4.10,P07900,2XHR,C0P,A,2.2,0,187
2BSM,3.6.4.10,P07900,1UYK,PUX,A,2.2,0,187
2BSM,3.6.4.10,P07900,1UYI,PUZ,A,2.2,0,187
2BSM,3.6.4.10,P07900,1UYH,PU0,A,2.2,0,187
2BSM,3.6.4.10,P07900,1UYD,PU8,A,2.2,0,187
2BSM,3.6.4.10,P07900,3T0Z,ATP,A,2.19,0,187
2BSM,3.6.4.10,P07900,2WI6,ZZ6,A,2.18,0,187
2BSM,3.6.4.10,P07900,5J82,6GV,A,2.17,0,187
2BSM,3.6.4.10,P07900,6EY8,C4T,A,2.16,0,187
2BSM,3.6.4.10,P07900,4FCQ,2N6,A,2.15,0,187
2BSM,3.6.4.10,P07900,4EFT,EFT,A,2.12,0,187
2BSM,3.6.4.10,P07900,6EYA,C4K,A,2.1,0,187
2BSM,3.6.4.10,P07900,5FNF,TQL,A,2.1,0,187
2BSM,3.6.4.10,P07900,3K99,PFT,"A,B,C,D",2.1,0,187
2BSM,3.6.4.10,P07900,3B26,B2L,A,2.1,0,187
2BSM,3.6.4.10,P07900,2YEH,2KU,A,2.1,0,187
2BSM,3.6.4.10,P07900,2YED,ADE,A,2.1,0,187
2BSM,3.6.4.10,P07900,2YEC,XQ0,A,2.1,0,187
2BSM,3.6.4.10,P07900,2WI5,ZZ5,A,2.1,0,187
2BSM,3.6.4.10,P07900,2FWZ,H71,A,2.1,0,187
2BSM,3.6.4.10,P07900,2FWY,H64,A,2.1,0,187
2BSM,3.6.4.10,P07900,6F1N,C8W,A,2.09,0,187
2BSM,3.6.4.10,P07900,3OWB,BSM,A,2.05,0,187
2BSM,3.6.4.10,P07900,5GGZ,6TN,"A,B,C,D",2.02,0,187
2BSM,3.6.4.10,P07900,6HHR,G5E,A,2.0,0,187
2BSM,3.6.4.10,P07900,6EY9,C4N,A,2.0,0,187
2BSM,3.6.4.10,P07900,5M4H,7FX,A,2.0,0,187
2BSM,3.6.4.10,P07900,5FND,IQ5,A,2.0,0,187
2BSM,3.6.4.10,P07900,4NH7,HIE,"A,B",2.0,0,187
2BSM,3.6.4.10,P07900,4FCP,42C,"A,B",2.0,0,187
2BSM,3.6.4.10,P07900,4EFU,EFU,A,2.0,0,187
2BSM,3.6.4.10,P07900,4CWR,HAJ,A,2.0,0,187
2BSM,3.6.4.10,P07900,4CWQ,W2D,A,2.0,0,187
2BSM,3.6.4.10,P07900,4CWF,H05,A,2.0,0,187
2BSM,3.6.4.10,P07900,4BQJ,XKL,A,2.0,0,187
2BSM,3.6.4.10,P07900,3R4N,FU5,"A,B",2.0,0,187
2BSM,3.6.4.10,P07900,3FT8,MOJ,A,2.0,0,187
2BSM,3.6.4.10,P07900,3EKR,PY9,"A,B",2.0,0,187
2BSM,3.6.4.10,P07900,2VCI,2GJ,A,2.0,0,187
2BSM,3.6.4.10,P07900,2H55,DZ8,A,2.0,0,187
2BSM,3.6.4.10,P07900,1UYG,PU2,A,2.0,0,187
2BSM,3.6.4.10,P07900,1UYE,PU9,A,2.0,0,187
2BSM,3.6.4.10,P07900,1UYC,PU7,A,2.0,0,187
2BSM,3.6.4.10,P07900,1UY9,PU6,A,2.0,0,187
2BSM,3.6.4.10,P07900,2XDL,2DL,A,1.98,0,187
2BSM,3.6.4.10,P07900,1UY8,PU5,A,1.98,0,187
2BSM,3.6.4.10,P07900,2XDK,XDK,A,1.97,0,187
2BSM,3.6.4.10,P07900,4O09,2R6,A,1.96,0,187
2BSM,3.6.4.10,P07900,4CWP,TV2,A,1.95,0,187
2BSM,3.6.4.10,P07900,3K97,4CD,A,1.95,0,187
2BSM,3.6.4.10,P07900,3INW,JZB,A,1.95,0,187
2BSM,3.6.4.10,P07900,3HEK,BD0,"A,B",1.95,0,187
2BSM,3.6.4.10,P07900,2YE3,VXX,A,1.95,0,187
2BSM,3.6.4.10,P07900,4O0B,2QA,A,1.93,0,187
2BSM,3.6.4.10,P07900,2YKB,YKB,A,1.93,0,187
2BSM,3.6.4.10,P07900,6EYB,C3Z,A,1.9,0,187
2BSM,3.6.4.10,P07900,6CEO,D57,A,1.9,0,187
2BSM,3.6.4.10,P07900,5M4E,7F9,A,1.9,0,187
2BSM,3.6.4.10,P07900,4CWT,IK9,A,1.9,0,187
2BSM,3.6.4.10,P07900,4BQG,50Q,A,1.9,0,187
2BSM,3.6.4.10,P07900,3RLQ,3RQ,"A,B",1.9,0,187
2BSM,3.6.4.10,P07900,3MNR,SD1,P,1.9,0,187
2BSM,3.6.4.10,P07900,3FT5,MO8,A,1.9,0,187
2BSM,3.6.4.10,P07900,2YE2,XQI,A,1.9,0,187
2BSM,3.6.4.10,P07900,2XJJ,L81,"A,B",1.9,0,187
2BSM,3.6.4.10,P07900,2XAB,VHD,"A,B",1.9,0,187
2BSM,3.6.4.10,P07900,2UWD,2GG,A,1.9,0,187
2BSM,3.6.4.10,P07900,2BYH,2D7,A,1.9,0,187
2BSM,3.6.4.10,P07900,2BT0,CT5,"A,B",1.9,0,187
2BSM,3.6.4.10,P07900,1YET,GDM,A,1.9,0,187
2BSM,3.6.4.10,P07900,1UY7,PU4,A,1.9,0,187
2BSM,3.6.4.10,P07900,1UY6,PU3,A,1.9,0,187
2BSM,3.6.4.10,P07900,5LNY,70K,A,1.88,0,187
2BSM,3.6.4.10,P07900,5J86,6GW,A,1.87,0,187
2BSM,3.6.4.10,P07900,4XIT,40Z,A,1.86,0,187
2BSM,3.6.4.10,P07900,4O07,FGH,A,1.86,0,187
2BSM,3.6.4.10,P07900,6ELP,BA8,A,1.85,0,187
2BSM,3.6.4.10,P07900,2QG0,A94,"A,B",1.85,0,187
2BSM,3.6.4.10,P07900,4XIQ,40Y,A,1.84,0,187
2BSM,3.6.4.10,P07900,5ODX,9RZ,A,1.82,0,187
2BSM,3.6.4.10,P07900,4O04,2Q8,A,1.82,0,187
2BSM,3.6.4.10,P07900,4AWP,99A,"A,B",1.82,0,187
2BSM,3.6.4.10,P07900,1YC4,43P,A,1.81,0,187
2BSM,3.6.4.10,P07900,6ELO,BAW,A,1.8,0,187
2BSM,3.6.4.10,P07900,4W7T,3JC,A,1.8,0,187
2BSM,3.6.4.10,P07900,4CWN,6LV,A,1.8,0,187
2BSM,3.6.4.10,P07900,3OW6,MEX,A,1.8,0,187
2BSM,3.6.4.10,P07900,2YI6,6QM,A,1.8,0,187
2BSM,3.6.4.10,P07900,2QG2,A91,A,1.8,0,187
2BSM,3.6.4.10,P07900,5VYY,9QY,A,1.79,0,187
2BSM,3.6.4.10,P07900,4O05,2Q9,A,1.79,0,187
2BSM,3.6.4.10,P07900,3QDD,94M,A,1.79,0,187
2BSM,3.6.4.10,P07900,2CCS,4BH,A,1.79,0,187
2BSM,3.6.4.10,P07900,5J6L,6GC,A,1.75,0,187
2BSM,3.6.4.10,P07900,4L91,X29,A,1.75,0,187
2BSM,3.6.4.10,P07900,3INX,JZC,A,1.75,0,187
2BSM,3.6.4.10,P07900,3B25,B2K,A,1.75,0,187
2BSM,3.6.4.10,P07900,1OSF,KOS,A,1.75,0,187
2BSM,3.6.4.10,P07900,3D0B,SNX,A,1.74,0,187
2BSM,3.6.4.10,P07900,2YK2,YJX,A,1.74,0,187
2BSM,3.6.4.10,P07900,2YK2,YJW,A,1.74,0,187
2BSM,3.6.4.10,P07900,2XDU,MT0,A,1.74,0,187
2BSM,3.6.4.10,P07900,2XDU,LGA,A,1.74,0,187
2BSM,3.6.4.10,P07900,2YEA,2A9,A,1.73,0,187
2BSM,3.6.4.10,P07900,2YE5,2A7,A,1.73,0,187
2BSM,3.6.4.10,P07900,4JQL,VJ6,A,1.72,0,187
2BSM,3.6.4.10,P07900,5J27,6FF,A,1.7,0,187
2BSM,3.6.4.10,P07900,4XIR,40X,A,1.7,0,187
2BSM,3.6.4.10,P07900,4XIP,40W,A,1.7,0,187
2BSM,3.6.4.10,P07900,4L8Z,RL1,A,1.7,0,187
2BSM,3.6.4.10,P07900,4FCR,0TM,A,1.7,0,187
2BSM,3.6.4.10,P07900,4B7P,9UN,A,1.7,0,187
2BSM,3.6.4.10,P07900,4AWO,99B,"A,B",1.7,0,187
2BSM,3.6.4.10,P07900,3RLR,3RR,"A,B",1.7,0,187
2BSM,3.6.4.10,P07900,3RLP,3RP,"A,B",1.7,0,187
2BSM,3.6.4.10,P07900,3R4P,FU7,"A,B",1.7,0,187
2BSM,3.6.4.10,P07900,3R4M,WOE,A,1.7,0,187
2BSM,3.6.4.10,P07900,3B24,B2J,"A,B",1.7,0,187
2BSM,3.6.4.10,P07900,1YC1,4BC,A,1.7,0,187
2BSM,3.6.4.10,P07900,4EGK,RDC,A,1.69,0,187
2BSM,3.6.4.10,P07900,2QFO,A51,A,1.68,0,187
2BSM,3.6.4.10,P07900,2QFO,A13,A,1.68,0,187
2BSM,3.6.4.10,P07900,6EL5,PU1,A,1.67,0,187
2BSM,3.6.4.10,P07900,2YKI,YKI,A,1.67,0,187
2BSM,3.6.4.10,P07900,2YKC,YKC,A,1.67,0,187
2BSM,3.6.4.10,P07900,2XJX,XJX,A,1.66,0,187
2BSM,3.6.4.10,P07900,5NYH,9EK,A,1.65,0,187
2BSM,3.6.4.10,P07900,4NH8,2LC,A,1.65,0,187
2BSM,3.6.4.10,P07900,4L94,S46,A,1.65,0,187
2BSM,3.6.4.10,P07900,5J6M,6FJ,A,1.64,0,187
2BSM,3.6.4.10,P07900,3OWD,MEY,A,1.63,0,187
2BSM,3.6.4.10,P07900,5OCI,9R8,A,1.62,0,187
2BSM,3.6.4.10,P07900,6ELN,P4A,A,1.6,0,187
2BSM,3.6.4.10,P07900,4EGH,0OY,A,1.6,0,187
2BSM,3.6.4.10,P07900,4EEH,HH6,A,1.6,0,187
2BSM,3.6.4.10,P07900,4AWQ,592,"A,B",1.6,0,187
2BSM,3.6.4.10,P07900,3BMY,CXZ,A,1.6,0,187
2BSM,3.6.4.10,P07900,3BM9,BXZ,A,1.6,0,187
2BSM,3.6.4.10,P07900,2YI0,YI0,A,1.6,0,187
2BSM,3.6.4.10,P07900,2BYI,2DD,A,1.6,0,187
2BSM,3.6.4.10,P07900,3HHU,819,"A,B",1.59,0,187
2BSM,3.6.4.10,P07900,3R92,06J,A,1.58,0,187
2BSM,3.6.4.10,P07900,3R91,06H,A,1.58,0,187
2BSM,3.6.4.10,P07900,3RKZ,06T,A,1.57,0,187
2BSM,3.6.4.10,P07900,3QTF,05S,A,1.57,0,187
2BSM,3.6.4.10,P07900,4U93,990,A,1.55,0,187
2BSM,3.6.4.10,P07900,3EKO,PYU,"A,B",1.55,0,187
2BSM,3.6.4.10,P07900,5LNZ,70Z,A,1.54,0,187
2BSM,3.6.4.10,P07900,3VHD,VHE,"A,B",1.52,0,187
2BSM,3.6.4.10,P07900,6CYG,N5O,A,1.5,0,187
2BSM,3.6.4.10,P07900,3B27,B2T,A,1.5,0,187
2BSM,3.6.4.10,P07900,6CYH,N5A,A,1.49,0,187
2BSM,3.6.4.10,P07900,2YKJ,YKJ,A,1.46,0,187
2BSM,3.6.4.10,P07900,2YKE,YKE,A,1.43,0,187
2BSM,3.6.4.10,P07900,3VHC,VHC,A,1.41,0,187
2BSM,3.6.4.10,P07900,2YI7,BZ8,A,1.4,0,187
2BSM,3.6.4.10,P07900,3VHA,VHA,A,1.39,0,187
2BSM,3.6.4.10,P07900,5J64,6G7,A,1.38,0,187
2BSM,3.6.4.10,P07900,3B28,B2X,"A,B",1.35,0,187
2BSM,3.6.4.10,P07900,2YK9,YK9,A,1.32,0,187
2BSM,3.6.4.10,P07900,3WHA,WHA,"A,B",1.3,0,187
2BSM,3.6.4.10,P07900,3T10,ACP,A,1.24,0,187
2BSM,3.6.4.10,P07900,5J2X,6DL,A,1.22,0,187
1KE5,2.7.11.22,P24941,2WIH,P48,"A,C",2.5,0,177
1KE5,2.7.11.22,P24941,1PXN,CK6,A,2.5,0,177
1KE5,2.7.11.22,P24941,1PXL,CK4,A,2.5,0,177
1KE5,2.7.11.22,P24941,1P2A,5BN,A,2.5,0,177
1KE5,2.7.11.22,P24941,1H1Q,2A6,"A,C",2.5,0,177
1KE5,2.7.11.22,P24941,4CFW,SQ9,"A,C",2.45,0,177
1KE5,2.7.11.22,P24941,4BCM,T7Z,"A,C",2.45,0,177
1KE5,2.7.11.22,P24941,5LMK,6ZK,"A,C",2.4,0,177
1KE5,2.7.11.22,P24941,4BCQ,TJF,"A,C",2.4,0,177
1KE5,2.7.11.22,P24941,3LFS,A07,A,2.4,0,177
1KE5,2.7.11.22,P24941,2UZL,C94,"A,C",2.4,0,177
1KE5,2.7.11.22,P24941,2UZE,C95,"A,C",2.4,0,177
1KE5,2.7.11.22,P24941,2BPM,529,"A,C",2.4,0,177
1KE5,2.7.11.22,P24941,1OIY,N41,"A,C",2.4,0,177
1KE5,2.7.11.22,P24941,1V1K,3FP,A,2.31,0,177
1KE5,2.7.11.22,P24941,1OIQ,HDU,A,2.31,0,177
1KE5,2.7.11.22,P24941,3S2P,PMU,A,2.3,0,177
1KE5,2.7.11.22,P24941,3BHU,MHR,"A,C",2.3,0,177
1KE5,2.7.11.22,P24941,2UZO,C62,A,2.3,0,177
1KE5,2.7.11.22,P24941,2UZN,C96,A,2.3,0,177
1KE5,2.7.11.22,P24941,2R64,740,A,2.3,0,177
1KE5,2.7.11.22,P24941,2C6L,DT4,A,2.3,0,177
1KE5,2.7.11.22,P24941,1VYW,292,"A,C",2.3,0,177
1KE5,2.7.11.22,P24941,3LFN,A27,A,2.28,0,177
1KE5,2.7.11.22,P24941,4BCP,T3C,"A,C",2.26,0,177
1KE5,2.7.11.22,P24941,2VTM,LZM,A,2.25,0,177
1KE5,2.7.11.22,P24941,2C5Y,MTW,A,2.25,0,177
1KE5,2.7.11.22,P24941,1VYZ,N5B,A,2.21,0,177
1KE5,2.7.11.22,P24941,4CFU,2WC,"A,C",2.2,0,177
1KE5,2.7.11.22,P24941,4CFN,JYM,"A,C",2.2,0,177
1KE5,2.7.11.22,P24941,2VTN,LZ7,A,2.2,0,177
1KE5,2.7.11.22,P24941,2VTJ,LZ4,A,2.2,0,177
1KE5,2.7.11.22,P24941,2V0D,C53,A,2.2,0,177
1KE5,2.7.11.22,P24941,2DUV,371,A,2.2,0,177
1KE5,2.7.11.22,P24941,1WCC,CIG,A,2.2,0,177
1KE5,2.7.11.22,P24941,1W0X,OLO,C,2.2,0,177
1KE5,2.7.11.22,P24941,1KE5,LS1,A,2.2,0,177
1KE5,2.7.11.22,P24941,1FVT,106,A,2.2,0,177
1KE5,2.7.11.22,P24941,1DI8,DTQ,A,2.2,0,177
1KE5,2.7.11.22,P24941,2VTO,LZ8,A,2.19,0,177
1KE5,2.7.11.22,P24941,6GVA,FCQ,A,2.15,0,177
1KE5,2.7.11.22,P24941,2W1H,L0F,A,2.15,0,177
1KE5,2.7.11.22,P24941,2W17,I19,A,2.15,0,177
1KE5,2.7.11.22,P24941,2VTP,LZ9,A,2.15,0,177
1KE5,2.7.11.22,P24941,1Y91,CT9,A,2.15,0,177
1KE5,2.7.11.22,P24941,4D1X,ESJ,A,2.1,0,177
1KE5,2.7.11.22,P24941,4BCN,T9N,"A,C",2.1,0,177
1KE5,2.7.11.22,P24941,3UNK,0BY,A,2.1,0,177
1KE5,2.7.11.22,P24941,3MY5,RFZ,"A,C",2.1,0,177
1KE5,2.7.11.22,P24941,3BHV,VAR,"A,C",2.1,0,177
1KE5,2.7.11.22,P24941,2C69,CT8,A,2.1,0,177
1KE5,2.7.11.22,P24941,2C5O,CK2,"A,C",2.1,0,177
1KE5,2.7.11.22,P24941,2C5N,CK8,"A,C",2.1,0,177
1KE5,2.7.11.22,P24941,1OI9,N20,"A,C",2.1,0,177
1KE5,2.7.11.22,P24941,1DM2,HMD,A,2.1,0,177
1KE5,2.7.11.22,P24941,2UUE,MTZ,"A,C",2.06,0,177
1KE5,2.7.11.22,P24941,4BCO,T6Q,"A,C",2.05,0,177
1KE5,2.7.11.22,P24941,4BCK,T3E,"A,C",2.05,0,177
1KE5,2.7.11.22,P24941,1CKP,PVB,A,2.05,0,177
1KE5,2.7.11.22,P24941,2W06,FRV,A,2.04,0,177
1KE5,2.7.11.22,P24941,5IEX,6AF,A,2.03,0,177
1KE5,2.7.11.22,P24941,5IEV,R0N,A,2.03,0,177
1KE5,2.7.11.22,P24941,3LFQ,A28,A,2.03,0,177
1KE5,2.7.11.22,P24941,3TIZ,3TI,A,2.02,0,177
1KE5,2.7.11.22,P24941,4LYN,1YG,A,2.0,0,177
1KE5,2.7.11.22,P24941,4EZ3,0S0,A,2.0,0,177
1KE5,2.7.11.22,P24941,4ERW,STU,A,2.0,0,177
1KE5,2.7.11.22,P24941,4CFV,75X,"A,C",2.0,0,177
1KE5,2.7.11.22,P24941,3WBL,PDY,A,2.0,0,177
1KE5,2.7.11.22,P24941,3ULI,1N3,A,2.0,0,177
1KE5,2.7.11.22,P24941,3TNW,F18,"A,C",2.0,0,177
1KE5,2.7.11.22,P24941,3LE6,2BZ,A,2.0,0,177
1KE5,2.7.11.22,P24941,3BHT,MFR,"A,C",2.0,0,177
1KE5,2.7.11.22,P24941,2VTL,LZ5,A,2.0,0,177
1KE5,2.7.11.22,P24941,2VTI,LZ3,A,2.0,0,177
1KE5,2.7.11.22,P24941,2VTA,LZ1,A,2.0,0,177
1KE5,2.7.11.22,P24941,2B53,D23,A,2.0,0,177
1KE5,2.7.11.22,P24941,1Y8Y,CT7,A,2.0,0,177
1KE5,2.7.11.22,P24941,1R78,FMD,A,2.0,0,177
1KE5,2.7.11.22,P24941,1PYE,PM1,A,2.0,0,177
1KE5,2.7.11.22,P24941,1OIU,N76,"A,C",2.0,0,177
1KE5,2.7.11.22,P24941,1KE9,LS5,A,2.0,0,177
1KE5,2.7.11.22,P24941,1KE8,LS4,A,2.0,0,177
1KE5,2.7.11.22,P24941,1KE7,LS3,A,2.0,0,177
1KE5,2.7.11.22,P24941,1KE6,LS2,A,2.0,0,177
1KE5,2.7.11.22,P24941,1H1R,6CP,"A,C",2.0,0,177
1KE5,2.7.11.22,P24941,3TI1,B49,A,1.99,0,177
1KE5,2.7.11.22,P24941,3EZV,EZV,A,1.99,0,177
1KE5,2.7.11.22,P24941,2BTS,U32,A,1.99,0,177
1KE5,2.7.11.22,P24941,3PJ8,404,A,1.96,0,177
1KE5,2.7.11.22,P24941,1PXO,CK7,A,1.96,0,177
1KE5,2.7.11.22,P24941,1JSV,U55,A,1.96,0,177
1KE5,2.7.11.22,P24941,4BGH,3I6,A,1.95,0,177
1KE5,2.7.11.22,P24941,2C68,CT6,A,1.95,0,177
1KE5,2.7.11.22,P24941,2A0C,CK9,X,1.95,0,177
1KE5,2.7.11.22,P24941,1PXI,CK1,A,1.95,0,177
1KE5,2.7.11.22,P24941,1E1V,CMG,A,1.95,0,177
1KE5,2.7.11.22,P24941,5JQ8,I73,A,1.94,0,177
1KE5,2.7.11.22,P24941,5JQ5,I74,A,1.94,0,177
1KE5,2.7.11.22,P24941,3QHW,ADP,"A,C",1.91,0,177
1KE5,2.7.11.22,P24941,1OIR,HDY,A,1.91,0,177
1KE5,2.7.11.22,P24941,3UNJ,0BX,A,1.9,0,177
1KE5,2.7.11.22,P24941,3FZ1,B98,A,1.9,0,177
1KE5,2.7.11.22,P24941,2XMY,CDK,A,1.9,0,177
1KE5,2.7.11.22,P24941,2W05,FRT,A,1.9,0,177
1KE5,2.7.11.22,P24941,2VV9,IM9,A,1.9,0,177
1KE5,2.7.11.22,P24941,2VTS,LZC,A,1.9,0,177
1KE5,2.7.11.22,P24941,2VTQ,LZA,A,1.9,0,177
1KE5,2.7.11.22,P24941,2VTH,LZ2,A,1.9,0,177
1KE5,2.7.11.22,P24941,2C6M,DT5,A,1.9,0,177
1KE5,2.7.11.22,P24941,2C6K,DT2,A,1.9,0,177
1KE5,2.7.11.22,P24941,2BHE,BRY,A,1.9,0,177
1KE5,2.7.11.22,P24941,1H0V,UN4,A,1.9,0,177
1KE5,2.7.11.22,P24941,2VTR,LZB,A,1.89,0,177
1KE5,2.7.11.22,P24941,2B52,D42,A,1.88,0,177
1KE5,2.7.11.22,P24941,2XNB,Y8L,A,1.85,0,177
1KE5,2.7.11.22,P24941,2VU3,LZE,A,1.85,0,177
1KE5,2.7.11.22,P24941,2FVD,LIA,A,1.85,0,177
1KE5,2.7.11.22,P24941,2BTR,U73,A,1.85,0,177
1KE5,2.7.11.22,P24941,2B55,D31,A,1.85,0,177
1KE5,2.7.11.22,P24941,2B54,D05,A,1.85,0,177
1KE5,2.7.11.22,P24941,1H07,MFP,A,1.85,0,177
1KE5,2.7.11.22,P24941,1H07,MFQ,A,1.85,0,177
1KE5,2.7.11.22,P24941,1E1X,NW1,A,1.85,0,177
1KE5,2.7.11.22,P24941,3TIY,TIY,A,1.84,0,177
1KE5,2.7.11.22,P24941,5D1J,56H,A,1.8,0,177
1KE5,2.7.11.22,P24941,3IGG,EFQ,A,1.8,0,177
1KE5,2.7.11.22,P24941,3IG7,EFP,A,1.8,0,177
1KE5,2.7.11.22,P24941,3DDQ,RRC,"A,C",1.8,0,177
1KE5,2.7.11.22,P24941,2R3O,2SC,A,1.8,0,177
1KE5,2.7.11.22,P24941,2EXM,ZIP,A,1.8,0,177
1KE5,2.7.11.22,P24941,2C6I,DT1,A,1.8,0,177
1KE5,2.7.11.22,P24941,1YKR,628,A,1.8,0,177
1KE5,2.7.11.22,P24941,1H01,FAL,A,1.79,0,177
1KE5,2.7.11.22,P24941,1H01,FBL,A,1.79,0,177
1KE5,2.7.11.22,P24941,3NS9,NS9,A,1.78,0,177
1KE5,2.7.11.22,P24941,3PY0,SU9,A,1.75,0,177
1KE5,2.7.11.22,P24941,6Q4C,HH8,A,1.73,0,177
1KE5,2.7.11.22,P24941,4KD1,1QK,A,1.7,0,177
1KE5,2.7.11.22,P24941,3PXZ,JWS,A,1.7,0,177
1KE5,2.7.11.22,P24941,2R3M,SCX,A,1.7,0,177
1KE5,2.7.11.22,P24941,2R3K,SCQ,A,1.7,0,177
1KE5,2.7.11.22,P24941,2VTT,LZD,A,1.68,0,177
1KE5,2.7.11.22,P24941,5IEY,6AE,A,1.66,0,177
1KE5,2.7.11.22,P24941,2R3P,3SC,A,1.66,0,177
1KE5,2.7.11.22,P24941,2R3L,SCW,A,1.65,0,177
1KE5,2.7.11.22,P24941,2R3J,SCJ,A,1.65,0,177
1KE5,2.7.11.22,P24941,4RJ3,3QS,A,1.63,0,177
1KE5,2.7.11.22,P24941,4ACM,7YG,A,1.63,0,177
1KE5,2.7.11.22,P24941,2R3N,SCZ,A,1.63,0,177
1KE5,2.7.11.22,P24941,5K4J,6QB,A,1.6,0,177
1KE5,2.7.11.22,P24941,1URW,I1P,A,1.6,0,177
1KE5,2.7.11.22,P24941,1OIT,HDT,A,1.6,0,177
1KE5,2.7.11.22,P24941,1H00,FAP,A,1.6,0,177
1KE5,2.7.11.22,P24941,1H00,FCP,A,1.6,0,177
1KE5,2.7.11.22,P24941,2R3G,SC9,A,1.55,0,177
1KE5,2.7.11.22,P24941,1JVP,LIG,P,1.53,0,177
1KE5,2.7.11.22,P24941,6GUH,FB8,A,1.5,0,177
1KE5,2.7.11.22,P24941,2R3H,SCE,A,1.5,0,177
1KE5,2.7.11.22,P24941,2R3F,SC8,A,1.5,0,177
1KE5,2.7.11.22,P24941,2R3R,6SC,A,1.47,0,177
1KE5,2.7.11.22,P24941,2R3Q,5SC,A,1.35,0,177
1KE5,2.7.11.22,P24941,6GUK,FC8,A,1.3,0,177
1KE5,2.7.11.22,P24941,5MHQ,8QT,A,1.3,0,177
1KE5,2.7.11.22,P24941,1GZ8,MBP,A,1.3,0,177
1KE5,2.7.11.22,P24941,2R3I,SCF,A,1.28,0,177
1KE5,2.7.11.22,P24941,6Q4F,26D,A,1.21,0,177
1KE5,2.7.11.22,P24941,6Q3F,HEW,A,1.18,0,177
1KE5,2.7.11.22,P24941,6Q4A,HGW,A,1.13,0,177
1KE5,2.7.11.22,P24941,6Q4B,HHN,A,1.12,0,177
1KE5,2.7.11.22,P24941,6Q4I,HGK,A,1.11,0,177
1KE5,2.7.11.22,P24941,6Q4E,HH5,A,1.06,0,177
1KE5,2.7.11.22,P24941,6Q4J,HHB,A,1.05,0,177
1KE5,2.7.11.22,P24941,6Q48,HHQ,A,1.03,0,177
1KE5,2.7.11.22,P24941,6Q4H,HGH,A,1.0,0,177
1KE5,2.7.11.22,P24941,6Q49,HGQ,A,1.0,0,177
1KE5,2.7.11.22,P24941,6Q4G,HJK,A,0.98,0,177
1OYT,3.4.21.5,P00734,2PKS,G44,C,2.5,0,147
1OYT,3.4.21.5,P00734,2JH5,895,D,2.5,0,147
1OYT,3.4.21.5,P00734,1JWT,BLI,A,2.5,0,147
1OYT,3.4.21.5,P00734,3TU7,0BM,H,2.49,0,147
1OYT,3.4.21.5,P00734,2ANK,N12,H,2.46,0,147
1OYT,3.4.21.5,P00734,2FEQ,34P,H,2.44,0,147
1OYT,3.4.21.5,P00734,2A2X,NA9,H,2.44,0,147
1OYT,3.4.21.5,P00734,1O0D,163,H,2.44,0,147
1OYT,3.4.21.5,P00734,2FES,3SP,H,2.42,0,147
1OYT,3.4.21.5,P00734,2H9T,SVR,H,2.4,0,147
1OYT,3.4.21.5,P00734,2ANM,CDO,H,2.4,0,147
1OYT,3.4.21.5,P00734,1KTS,C24,B,2.4,0,147
1OYT,3.4.21.5,P00734,6GWE,ODB,"A,H",2.3,0,147
1OYT,3.4.21.5,P00734,3BIU,10U,H,2.3,0,147
1OYT,3.4.21.5,P00734,1XM1,GAH,A,2.3,0,147
1OYT,3.4.21.5,P00734,1TA2,176,A,2.3,0,147
1OYT,3.4.21.5,P00734,1FPC,0ZI,H,2.3,0,147
1OYT,3.4.21.5,P00734,1D9I,00P,A,2.3,0,147
1OYT,3.4.21.5,P00734,1BHX,R56,F,2.3,0,147
1OYT,3.4.21.5,P00734,2ZFP,19U,H,2.25,0,147
1OYT,3.4.21.5,P00734,2C90,C1M,B,2.25,0,147
1OYT,3.4.21.5,P00734,2JH6,894,D,2.21,0,147
1OYT,3.4.21.5,P00734,3EGK,M18,H,2.2,0,147
1OYT,3.4.21.5,P00734,2ZF0,51U,H,2.2,0,147
1OYT,3.4.21.5,P00734,2C93,C4M,B,2.2,0,147
1OYT,3.4.21.5,P00734,2C8Y,C3M,B,2.2,0,147
1OYT,3.4.21.5,P00734,1ZGV,501,A,2.2,0,147
1OYT,3.4.21.5,P00734,1ZGI,382,A,2.2,0,147
1OYT,3.4.21.5,P00734,1WBG,L03,B,2.2,0,147
1OYT,3.4.21.5,P00734,1NZQ,162,H,2.18,0,147
1OYT,3.4.21.5,P00734,2C8X,C5M,B,2.17,0,147
1OYT,3.4.21.5,P00734,2C8Z,C2A,B,2.14,0,147
1OYT,3.4.21.5,P00734,2R2M,I50,B,2.1,0,147
1OYT,3.4.21.5,P00734,1KTT,C02,B,2.1,0,147
1OYT,3.4.21.5,P00734,1D3P,BT3,B,2.1,0,147
1OYT,3.4.21.5,P00734,1C4V,IH2,2,2.1,0,147
1OYT,3.4.21.5,P00734,1C4U,IH1,2,2.1,0,147
1OYT,3.4.21.5,P00734,1AIX,T19,H,2.1,0,147
1OYT,3.4.21.5,P00734,1D4P,BPP,B,2.07,0,147
1OYT,3.4.21.5,P00734,1RIW,OSC,C,2.04,0,147
1OYT,3.4.21.5,P00734,1D3D,BZT,B,2.04,0,147
1OYT,3.4.21.5,P00734,1WAY,L02,B,2.02,0,147
1OYT,3.4.21.5,P00734,2GDE,SN3,H,2.0,0,147
1OYT,3.4.21.5,P00734,1T4V,14A,H,2.0,0,147
1OYT,3.4.21.5,P00734,1T4U,81A,H,2.0,0,147
1OYT,3.4.21.5,P00734,1NT1,T76,A,2.0,0,147
1OYT,3.4.21.5,P00734,1MUE,CDD,B,2.0,0,147
1OYT,3.4.21.5,P00734,1MU8,CDB,B,2.0,0,147
1OYT,3.4.21.5,P00734,1G30,T87,B,2.0,0,147
1OYT,3.4.21.5,P00734,1D6W,00R,A,2.0,0,147
1OYT,3.4.21.5,P00734,1BCU,PRL,H,2.0,0,147
1OYT,3.4.21.5,P00734,1AFE,ALZ,H,2.0,0,147
1OYT,3.4.21.5,P00734,1AE8,AZL,H,2.0,0,147
1OYT,3.4.21.5,P00734,1MU6,CDA,B,1.99,0,147
1OYT,3.4.21.5,P00734,1C1V,BAB,H,1.98,0,147
1OYT,3.4.21.5,P00734,2ZHQ,27U,H,1.96,0,147
1OYT,3.4.21.5,P00734,2C8W,C7M,B,1.96,0,147
1OYT,3.4.21.5,P00734,6EO8,2FN,H,1.94,0,147
1OYT,3.4.21.5,P00734,4BAK,M67,B,1.94,0,147
1OYT,3.4.21.5,P00734,1K22,MEL,H,1.93,0,147
1OYT,3.4.21.5,P00734,4AX9,N5N,H,1.9,0,147
1OYT,3.4.21.5,P00734,3SHC,B01,H,1.9,0,147
1OYT,3.4.21.5,P00734,1ZRB,062,A,1.9,0,147
1OYT,3.4.21.5,P00734,1TA6,177,A,1.9,0,147
1OYT,3.4.21.5,P00734,1SB1,165,H,1.9,0,147
1OYT,3.4.21.5,P00734,1G32,R11,B,1.9,0,147
1OYT,3.4.21.5,P00734,1C5O,BAM,H,1.9,0,147
1OYT,3.4.21.5,P00734,1C1W,BAH,H,1.9,0,147
1OYT,3.4.21.5,P00734,4BAQ,M4Z,B,1.89,0,147
1OYT,3.4.21.5,P00734,4BAM,MM9,B,1.88,0,147
1OYT,3.4.21.5,P00734,4BAO,MVF,B,1.87,0,147
1OYT,3.4.21.5,P00734,4BAN,M6S,B,1.87,0,147
1OYT,3.4.21.5,P00734,1K21,IGN,H,1.86,0,147
1OYT,3.4.21.5,P00734,1YPM,RA4,H,1.85,0,147
1OYT,3.4.21.5,P00734,1YPL,RA8,H,1.85,0,147
1OYT,3.4.21.5,P00734,1GHY,121,H,1.85,0,147
1OYT,3.4.21.5,P00734,1GHV,120,H,1.85,0,147
1OYT,3.4.21.5,P00734,6EO9,2OJ,H,1.84,0,147
1OYT,3.4.21.5,P00734,3C1K,T15,A,1.84,0,147
1OYT,3.4.21.5,P00734,1YPE,UIP,H,1.81,0,147
1OYT,3.4.21.5,P00734,1SL3,170,A,1.81,0,147
1OYT,3.4.21.5,P00734,3DA9,44U,B,1.8,0,147
1OYT,3.4.21.5,P00734,3BIV,11U,H,1.8,0,147
1OYT,3.4.21.5,P00734,2ZNK,31U,H,1.8,0,147
1OYT,3.4.21.5,P00734,2ZGX,29U,H,1.8,0,147
1OYT,3.4.21.5,P00734,1Z71,L17,A,1.8,0,147
1OYT,3.4.21.5,P00734,1YPG,UIR,H,1.8,0,147
1OYT,3.4.21.5,P00734,1TOM,MIN,H,1.8,0,147
1OYT,3.4.21.5,P00734,1QBV,PPX,H,1.8,0,147
1OYT,3.4.21.5,P00734,1NM6,L86,A,1.8,0,147
1OYT,3.4.21.5,P00734,1A4W,QWE,H,1.8,0,147
1OYT,3.4.21.5,P00734,2V3O,I26,H,1.79,0,147
1OYT,3.4.21.5,P00734,2V3H,I25,H,1.79,0,147
1OYT,3.4.21.5,P00734,2CF9,348,H,1.79,0,147
1OYT,3.4.21.5,P00734,1YPK,CCR,H,1.78,0,147
1OYT,3.4.21.5,P00734,1YPJ,UIB,H,1.78,0,147
1OYT,3.4.21.5,P00734,4LOY,6XS,H,1.77,0,147
1OYT,3.4.21.5,P00734,3QWC,98P,H,1.75,0,147
1OYT,3.4.21.5,P00734,3F68,91U,H,1.75,0,147
1OYT,3.4.21.5,P00734,1O5G,CR9,H,1.75,0,147
1OYT,3.4.21.5,P00734,1GHW,BMZ,H,1.75,0,147
1OYT,3.4.21.5,P00734,1C1U,BAI,H,1.75,0,147
1OYT,3.4.21.5,P00734,3DHK,23U,H,1.73,0,147
1OYT,3.4.21.5,P00734,2ZDA,32U,H,1.73,0,147
1OYT,3.4.21.5,P00734,2ZDV,37U,H,1.72,0,147
1OYT,3.4.21.5,P00734,2ZO3,33U,H,1.7,0,147
1OYT,3.4.21.5,P00734,2JH0,701,D,1.7,0,147
1OYT,3.4.21.5,P00734,1OYT,FSN,H,1.67,0,147
1OYT,3.4.21.5,P00734,4UFG,D6J,H,1.65,0,147
1OYT,3.4.21.5,P00734,3PO1,MKY,C,1.65,0,147
1OYT,3.4.21.5,P00734,2ZI2,24U,H,1.65,0,147
1OYT,3.4.21.5,P00734,1W7G,MIU,H,1.65,0,147
1OYT,3.4.21.5,P00734,3QTV,06P,H,1.63,0,147
1OYT,3.4.21.5,P00734,4LXB,7R9,H,1.61,0,147
1OYT,3.4.21.5,P00734,2BDY,UNB,A,1.61,0,147
1OYT,3.4.21.5,P00734,3DUX,64U,H,1.6,0,147
1OYT,3.4.21.5,P00734,2ZGB,21U,H,1.6,0,147
1OYT,3.4.21.5,P00734,4UFE,3ZD,H,1.59,0,147
1OYT,3.4.21.5,P00734,2ZC9,22U,H,1.58,0,147
1OYT,3.4.21.5,P00734,1O2G,696,H,1.58,0,147
1OYT,3.4.21.5,P00734,4UFF,6V2,H,1.55,0,147
1OYT,3.4.21.5,P00734,3UTU,1TS,H,1.55,0,147
1OYT,3.4.21.5,P00734,3SI3,B03,H,1.55,0,147
1OYT,3.4.21.5,P00734,1VZQ,SHY,H,1.54,0,147
1OYT,3.4.21.5,P00734,5AFZ,UET,H,1.53,0,147
1OYT,3.4.21.5,P00734,3SHA,P97,H,1.52,0,147
1OYT,3.4.21.5,P00734,3QTO,10P,H,1.52,0,147
1OYT,3.4.21.5,P00734,4YES,45S,B,1.5,0,147
1OYT,3.4.21.5,P00734,1C5N,ESI,H,1.5,0,147
1OYT,3.4.21.5,P00734,6GBW,EU5,H,1.45,0,147
1OYT,3.4.21.5,P00734,4UFD,S49,H,1.43,0,147
1OYT,3.4.21.5,P00734,3P17,99P,H,1.43,0,147
1OYT,3.4.21.5,P00734,2UUK,897,B,1.39,0,147
1OYT,3.4.21.5,P00734,3QX5,02P,H,1.35,0,147
1OYT,3.4.21.5,P00734,6ROT,KDQ,H,1.34,0,147
1OYT,3.4.21.5,P00734,2UUJ,896,B,1.32,0,147
1OYT,3.4.21.5,P00734,3SV2,P05,H,1.3,0,147
1OYT,3.4.21.5,P00734,2CN0,F25,H,1.3,0,147
1OYT,3.4.21.5,P00734,2CF8,ESH,H,1.3,0,147
1OYT,3.4.21.5,P00734,3SI4,B04,H,1.27,0,147
1OYT,3.4.21.5,P00734,5AHG,Y4L,H,1.24,0,147
1OYT,3.4.21.5,P00734,5AF9,SJR,H,1.18,0,147
1OYT,3.4.21.5,P00734,4UEH,BEN,H,1.16,0,147
1OYT,3.4.21.5,P00734,4UDW,N6L,H,1.16,0,147
1OYT,3.4.21.5,P00734,4UE7,MRZ,H,1.13,0,147
1OYT,3.4.21.5,P00734,5AFY,WCE,H,1.12,0,147
1OYT,3.4.21.5,P00734,4UD9,FQI,H,1.12,0,147
1TZ8,16.-.-.-,P02766,5EZP,IPJ,"A,B,C,F,G",2.5,0,113
1TZ8,16.-.-.-,P02766,2ROY,P28,"A,B",2.2,0,113
1TZ8,16.-.-.-,P02766,1Z7J,T4A,"A,B",2.2,0,113
1TZ8,16.-.-.-,P02766,4DET,KMP,"A,B",2.05,0,113
1TZ8,12.-.-.-,P02766,4N86,GBJ,"A,B",2.0,0,113
1TZ8,16.-.-.-,P02766,1THA,T33,"A,B",2.0,0,113
1TZ8,16.-.-.-,P02766,1DVX,DIF,B,2.0,0,113
1TZ8,16.-.-.-,P02766,1BM7,FLF,"A,B",2.0,0,113
1TZ8,16.-.-.-,P02766,3IPB,JZD,"A,B",1.9,0,113
1TZ8,16.-.-.-,P02766,1TLM,MIL,"A,B",1.9,0,113
1TZ8,16.-.-.-,P02766,1DVZ,OFL,A,1.9,0,113
1TZ8,16.-.-.-,P02766,1DVY,BPD,A,1.9,0,113
1TZ8,16.-.-.-,P02766,1DVU,DBF,B,1.9,0,113
1TZ8,16.-.-.-,P02766,1DVT,FLP,A,1.9,0,113
1TZ8,16.-.-.-,P02766,3CFT,5NS,A,1.87,0,113
1TZ8,16.-.-.-,P02766,3CFN,2AN,"A,B",1.87,0,113
1TZ8,16.-.-.-,P02766,4ABU,FT1,"A,B",1.86,0,113
1TZ8,16.-.-.-,P02766,3KGU,GEN,"A,B",1.85,0,113
1TZ8,16.-.-.-,P02766,3FC8,IFA,"A,B",1.85,0,113
1TZ8,16.-.-.-,P02766,2GAB,NE2,"A,B",1.85,0,113
1TZ8,16.-.-.-,P02766,2G9K,NE1,"A,B",1.85,0,113
1TZ8,16.-.-.-,P02766,4AC2,43F,"A,B",1.81,0,113
1TZ8,16.-.-.-,P02766,4ABV,FT2,"A,B",1.8,0,113
1TZ8,16.-.-.-,P02766,3GS7,8BD,"A,B",1.8,0,113
1TZ8,16.-.-.-,P02766,3FCB,IFB,"A,B",1.8,0,113
1TZ8,16.-.-.-,P02766,3CN3,LJ4,"A,B",1.8,0,113
1TZ8,16.-.-.-,P02766,2G5U,PCQ,"A,B",1.8,0,113
1TZ8,16.-.-.-,P02766,1TYR,REA,"A,B",1.8,0,113
1TZ8,16.-.-.-,P02766,1TT6,DES,"A,B",1.8,0,113
1TZ8,16.-.-.-,P02766,1E5A,TBP,"A,B",1.8,0,113
1TZ8,16.-.-.-,P02766,1E4H,PBR,"A,B",1.8,0,113
1TZ8,16.-.-.-,P02766,3GLZ,1BD,"A,B",1.78,0,113
1TZ8,16.-.-.-,P02766,5BOJ,4TX,"A,B",1.75,0,113
1TZ8,16.-.-.-,P02766,4DES,57D,"A,B",1.75,0,113
1TZ8,16.-.-.-,P02766,4ABW,42M,"A,B",1.7,0,113
1TZ8,16.-.-.-,P02766,4ABQ,4V2,"A,B",1.7,0,113
1TZ8,16.-.-.-,P02766,3IMR,IW1,"A,B",1.7,0,113
1TZ8,16.-.-.-,P02766,2B77,3CA,"A,B",1.7,0,113
1TZ8,16.-.-.-,P02766,2B15,DNF,"A,B",1.7,0,113
1TZ8,16.-.-.-,P02766,1Y1D,FHI,"A,B",1.7,0,113
1TZ8,16.-.-.-,P02766,1U21,P2C,"A,B",1.69,0,113
1TZ8,16.-.-.-,P02766,2FLM,6CA,A,1.65,0,113
1TZ8,16.-.-.-,P02766,5L4J,6JD,"A,B",1.62,0,113
1TZ8,16.-.-.-,P02766,4DEU,NAR,"A,B",1.6,0,113
1TZ8,16.-.-.-,P02766,2F7I,26C,"A,B",1.6,0,113
1TZ8,16.-.-.-,P02766,5L4M,SBK,"A,B",1.58,0,113
1TZ8,16.-.-.-,P02766,4TQP,48R,"A,B",1.58,0,113
1TZ8,16.-.-.-,P02766,3NEE,B72,"A,B",1.55,0,113
1TZ8,16.-.-.-,P02766,3B56,DIU,"A,B",1.55,0,113
1TZ8,16.-.-.-,P02766,2F8I,205,"A,B",1.54,0,113
1TZ8,16.-.-.-,P02766,2B9A,FBC,"A,B",1.54,0,113
1TZ8,16.-.-.-,P02766,5AKV,G7G,"A,B",1.52,0,113
1TZ8,16.-.-.-,P02766,4TQ8,7BD,"A,B",1.52,0,113
1TZ8,16.-.-.-,P02766,3CN2,LJ3,"A,B",1.52,0,113
1TZ8,16.-.-.-,P02766,3CN1,LJ2,"A,B",1.52,0,113
1TZ8,16.-.-.-,P02766,3CN0,LJ1,"A,B",1.52,0,113
1TZ8,16.-.-.-,P02766,4TQH,ES8,"A,B",1.51,0,113
1TZ8,16.-.-.-,P02766,5E4O,L57,"A,B",1.5,0,113
1TZ8,16.-.-.-,P02766,5AL8,D75,"A,B",1.5,0,113
1TZ8,16.-.-.-,P02766,4L1S,1W4,"A,B",1.5,0,113
1TZ8,16.-.-.-,P02766,2QGD,MR5,"A,B",1.5,0,113
1TZ8,16.-.-.-,P02766,5L4F,6J1,"A,B",1.48,0,113
1TZ8,16.-.-.-,P02766,3IMV,IW5,"A,B",1.47,0,113
1TZ8,16.-.-.-,P02766,4FI6,0U7,"A,B",1.46,0,113
1TZ8,16.-.-.-,P02766,2FBR,44C,A,1.46,0,113
1TZ8,16.-.-.-,P02766,6R68,JTK,"A,B",1.45,0,113
1TZ8,16.-.-.-,P02766,5L4I,6J3,"A,B",1.45,0,113
1TZ8,16.-.-.-,P02766,5JIQ,27M,"A,B",1.45,0,113
1TZ8,16.-.-.-,P02766,4HJT,18A,"A,B",1.45,0,113
1TZ8,16.-.-.-,P02766,2QGE,MR6,"A,B",1.45,0,113
1TZ8,16.-.-.-,P02766,5E23,L32,A,1.41,0,113
1TZ8,16.-.-.-,P02766,6GR7,F52,"A,B",1.4,0,113
1TZ8,16.-.-.-,P02766,5TZL,IIH,"A,B",1.4,0,113
1TZ8,16.-.-.-,P02766,5HJG,XDI,"A,B",1.4,0,113
1TZ8,16.-.-.-,P02766,5AYT,L6Y,"A,B",1.4,0,113
1TZ8,16.-.-.-,P02766,4WNS,3RL,B,1.4,0,113
1TZ8,16.-.-.-,P02766,4WNJ,QUE,B,1.4,0,113
1TZ8,16.-.-.-,P02766,4FI7,0UA,"A,B",1.4,0,113
1TZ8,16.-.-.-,P02766,3IPE,JZE,B,1.4,0,113
1TZ8,16.-.-.-,P02766,3IMU,IW4,"A,B",1.4,0,113
1TZ8,16.-.-.-,P02766,3IMT,IW3,"A,B",1.4,0,113
1TZ8,16.-.-.-,P02766,3IMS,IW2,"A,B",1.4,0,113
1TZ8,16.-.-.-,P02766,3CN4,LJ5,"A,B",1.4,0,113
1TZ8,16.-.-.-,P02766,5AL0,R3S,"A,B",1.39,0,113
1TZ8,16.-.-.-,P02766,5IHH,6B5,"A,B",1.35,0,113
1TZ8,16.-.-.-,P02766,5AKT,R4G,"A,B",1.35,0,113
1TZ8,16.-.-.-,P02766,4YDN,4B8,A,1.35,0,113
1TZ8,16.-.-.-,P02766,4YDN,2WN,"A,B",1.35,0,113
1TZ8,16.-.-.-,P02766,4HJU,16L,"A,B",1.35,0,113
1TZ8,16.-.-.-,P02766,3ESN,DZ1,"A,B",1.35,0,113
1TZ8,16.-.-.-,P02766,4WO0,AGI,"A,B",1.34,0,113
1TZ8,16.-.-.-,P02766,5E4A,5JW,A,1.33,0,113
1TZ8,16.-.-.-,P02766,3IMW,IW6,"A,B",1.31,0,113
1TZ8,16.-.-.-,P02766,3ESP,DZ3,"A,B",1.31,0,113
1TZ8,16.-.-.-,P02766,3ESO,DZ2,"A,B",1.31,0,113
1TZ8,12.-.-.-,P02766,6R67,JTE,"A,B",1.3,0,113
1TZ8,12.-.-.-,P02766,6R66,JTN,"A,B",1.3,0,113
1TZ8,16.-.-.-,P02766,2QGC,MR4,"A,B",1.3,0,113
1TZ8,16.-.-.-,P02766,5JIM,P8S,"A,B",1.26,0,113
1TZ8,16.-.-.-,P02766,4PME,CUR,A,1.26,0,113
1TZ8,16.-.-.-,P02766,5EN3,7LU,"A,B",1.25,0,113
1TZ8,16.-.-.-,P02766,5AKS,R3X,"A,B",1.25,0,113
1TZ8,16.-.-.-,P02766,4YDM,4AJ,"A,B",1.25,0,113
1TZ8,16.-.-.-,P02766,4TQI,6BD,"A,B",1.25,0,113
1TZ8,16.-.-.-,P02766,4PM1,ESZ,"A,B",1.23,0,113
1TZ8,16.-.-.-,P02766,4HJS,18J,"A,B",1.22,0,113
1TZ8,16.-.-.-,P02766,4FI8,0UC,"A,B",1.22,0,113
1TZ8,16.-.-.-,P02766,5JID,8PF,"A,B",1.2,0,113
1TZ8,16.-.-.-,P02766,3M1O,CJZ,"A,B",1.2,0,113
1TZ8,16.-.-.-,P02766,4L1T,1WZ,"A,B",1.16,0,113
1TZ8,16.-.-.-,P02766,4D7B,TCW,"A,B",1.15,0,113
1TZ8,16.-.-.-,P02766,4KY2,1W3,"A,B",1.13,0,113
1TZ8,16.-.-.-,P02766,4QXV,LU2,"A,B",1.12,0,113
1LPZ,3.4.21.6,P00742,3SW2,FI1,B,2.42,0,86
1LPZ,3.4.21.6,P00742,4A7I,A7I,B,2.4,0,86
1LPZ,3.4.21.6,P00742,1LPZ,CMB,B,2.4,0,86
1LPZ,3.4.21.6,P00742,2WYJ,898,A,2.38,0,86
1LPZ,3.4.21.6,P00742,4BTU,6XS,"B,F",2.37,0,86
1LPZ,3.4.21.6,P00742,3KQE,LGM,A,2.35,0,86
1LPZ,3.4.21.6,P00742,4BTI,7R9,"B,F",2.3,0,86
1LPZ,3.4.21.6,P00742,3ENS,ENS,"B,D",2.3,0,86
1LPZ,3.4.21.6,P00742,2RA0,JNJ,A,2.3,0,86
1LPZ,3.4.21.6,P00742,2PHB,230,A,2.3,0,86
1LPZ,3.4.21.6,P00742,2P16,GG2,A,2.3,0,86
1LPZ,3.4.21.6,P00742,2EI7,D93,A,2.3,0,86
1LPZ,3.4.21.6,P00742,2EI6,D92,A,2.3,0,86
1LPZ,3.4.21.6,P00742,1XKA,4PP,C,2.3,0,86
1LPZ,3.4.21.6,P00742,1WU1,D91,A,2.3,0,86
1LPZ,3.4.21.6,P00742,3KQB,LGJ,A,2.25,0,86
1LPZ,3.4.21.6,P00742,3LIW,RUP,A,2.22,0,86
1LPZ,3.4.21.6,P00742,5K0H,6PK,A,2.2,0,86
1LPZ,3.4.21.6,P00742,3KQC,LGK,A,2.2,0,86
1LPZ,3.4.21.6,P00742,3CS7,LG0,A,2.2,0,86
1LPZ,3.4.21.6,P00742,2Y82,930,A,2.2,0,86
1LPZ,3.4.21.6,P00742,2P95,ME5,A,2.2,0,86
1LPZ,3.4.21.6,P00742,2FZZ,5QC,A,2.2,0,86
1LPZ,3.4.21.6,P00742,2D1J,D01,A,2.2,0,86
1LPZ,3.4.21.6,P00742,2BQ7,IID,A,2.2,0,86
1LPZ,3.4.21.6,P00742,2BOH,IIA,B,2.2,0,86
1LPZ,3.4.21.6,P00742,1V3X,D76,A,2.2,0,86
1LPZ,3.4.21.6,P00742,1LPK,CBB,B,2.2,0,86
1LPZ,3.4.21.6,P00742,1EZQ,RPR,A,2.2,0,86
1LPZ,3.4.21.6,P00742,3HPT,YET,"B,D",2.19,0,86
1LPZ,3.4.21.6,P00742,3M36,M35,A,2.15,0,86
1LPZ,3.4.21.6,P00742,1NFX,RDR,A,2.15,0,86
1LPZ,3.4.21.6,P00742,4Y79,4O6,A,2.1,0,86
1LPZ,3.4.21.6,P00742,2J94,G15,A,2.1,0,86
1LPZ,3.4.21.6,P00742,2J38,GS5,A,2.1,0,86
1LPZ,3.4.21.6,P00742,2G00,4QC,A,2.1,0,86
1LPZ,3.4.21.6,P00742,2CJI,GSK,A,2.1,0,86
1LPZ,3.4.21.6,P00742,1NFY,RTR,A,2.1,0,86
1LPZ,3.4.21.6,P00742,1NFW,RRR,A,2.1,0,86
1LPZ,3.4.21.6,P00742,1MQ6,XLD,A,2.1,0,86
1LPZ,3.4.21.6,P00742,1MQ5,XLC,A,2.1,0,86
1LPZ,3.4.21.6,P00742,1KSN,FXV,A,2.1,0,86
1LPZ,3.4.21.6,P00742,1F0S,PR2,A,2.1,0,86
1LPZ,3.4.21.6,P00742,1F0R,815,A,2.1,0,86
1LPZ,3.4.21.6,P00742,2W26,RIV,A,2.08,0,86
1LPZ,3.4.21.6,P00742,2XC0,8NC,A,2.05,0,86
1LPZ,3.4.21.6,P00742,2W3K,L1D,A,2.05,0,86
1LPZ,3.4.21.6,P00742,1NFU,RRP,A,2.05,0,86
1LPZ,3.4.21.6,P00742,2XBY,63C,A,2.02,0,86
1LPZ,3.4.21.6,P00742,2J95,GSX,A,2.01,0,86
1LPZ,3.4.21.6,P00742,2J34,GS6,A,2.01,0,86
1LPZ,3.4.21.6,P00742,4Y76,4O1,A,2.0,0,86
1LPZ,3.4.21.6,P00742,3Q3K,D90,A,2.0,0,86
1LPZ,3.4.21.6,P00742,1LPG,IMA,B,2.0,0,86
1LPZ,3.4.21.6,P00742,2VH6,GSV,A,1.95,0,86
1LPZ,3.4.21.6,P00742,2P3T,993,B,1.92,0,86
1LPZ,3.4.21.6,P00742,1FJS,Z34,A,1.92,0,86
1LPZ,3.4.21.6,P00742,3M37,M37,A,1.9,0,86
1LPZ,3.4.21.6,P00742,3K9X,MBM,"B,D",1.9,0,86
1LPZ,3.4.21.6,P00742,2Y80,439,A,1.9,0,86
1LPZ,3.4.21.6,P00742,2Y7X,MZA,A,1.9,0,86
1LPZ,3.4.21.6,P00742,2W3I,L1C,A,1.9,0,86
1LPZ,3.4.21.6,P00742,2UWL,895,A,1.9,0,86
1LPZ,3.4.21.6,P00742,2Q1J,FXI,A,1.9,0,86
1LPZ,3.4.21.6,P00742,2P93,ME1,A,1.9,0,86
1LPZ,3.4.21.6,P00742,2J2U,GSQ,A,1.9,0,86
1LPZ,3.4.21.6,P00742,1G2L,T87,A,1.9,0,86
1LPZ,3.4.21.6,P00742,2WYG,461,A,1.88,0,86
1LPZ,3.4.21.6,P00742,2XBX,RR8,A,1.85,0,86
1LPZ,3.4.21.6,P00742,2Y7Z,C0Z,A,1.84,0,86
1LPZ,3.4.21.6,P00742,3IIT,D14,A,1.8,0,86
1LPZ,3.4.21.6,P00742,2P94,ME4,A,1.8,0,86
1LPZ,3.4.21.6,P00742,2J4I,GSJ,A,1.8,0,86
1LPZ,3.4.21.6,P00742,1Z6E,IK8,A,1.8,0,86
1LPZ,3.4.21.6,P00742,2UWP,894,A,1.75,0,86
1LPZ,3.4.21.6,P00742,2UWO,701,A,1.75,0,86
1LPZ,3.4.21.6,P00742,2XBW,455,A,1.72,0,86
1LPZ,3.4.21.6,P00742,2Y81,931,A,1.7,0,86
1LPZ,3.4.21.6,P00742,2XC5,OYJ,A,1.7,0,86
1LPZ,3.4.21.6,P00742,2VH0,GSI,A,1.7,0,86
1LPZ,3.4.21.6,P00742,2XC4,IVK,A,1.67,0,86
1LPZ,3.4.21.6,P00742,2P3U,663,B,1.62,0,86
1LPZ,3.4.21.6,P00742,3CEN,FXA,A,1.6,0,86
1LPZ,3.4.21.6,P00742,3FFG,FFG,A,1.54,0,86
1LPZ,3.4.21.6,P00742,2PR3,237,A,1.5,0,86
1LPZ,3.4.21.6,P00742,3KL6,443,A,1.45,0,86
2BR1,2.7.11.1,O14757,2X8E,X8E,A,2.5,0,68
2BR1,2.7.11.1,O14757,2E9N,76A,A,2.5,0,68
2BR1,2.7.11.1,O14757,2CGU,3A3,A,2.5,0,68
2BR1,2.7.11.1,O14757,2WMQ,ZYQ,A,2.48,0,68
2BR1,2.7.11.1,O14757,2WMX,ZY6,A,2.45,0,68
2BR1,2.7.11.1,O14757,2WMW,ZYW,A,2.43,0,68
2BR1,2.7.11.1,O14757,2WMR,ZYR,A,2.43,0,68
2BR1,2.7.11.1,O14757,2XF0,4UB,A,2.4,0,68
2BR1,2.7.11.1,O14757,2YM4,4YM,A,2.35,0,68
2BR1,2.7.11.1,O14757,2C3L,IDZ,A,2.35,0,68
2BR1,2.7.11.1,O14757,2XEZ,XEZ,A,2.25,0,68
2BR1,2.7.11.1,O14757,2CGX,3D3,A,2.2,0,68
2BR1,2.7.11.1,O14757,2CGW,3C3,A,2.2,0,68
2BR1,2.7.11.1,O14757,2BRO,DF2,A,2.2,0,68
2BR1,2.7.11.1,O14757,2BRM,DFZ,A,2.2,0,68
2BR1,2.7.11.1,O14757,5DLS,5CV,A,2.15,0,68
2BR1,2.7.11.1,O14757,4QYF,3DV,A,2.15,0,68
2BR1,2.7.11.1,O14757,2E9O,A58,A,2.1,0,68
2BR1,2.7.11.1,O14757,2C3J,DBQ,A,2.1,0,68
2BR1,2.7.11.1,O14757,2BRH,DFW,A,2.1,0,68
2BR1,2.7.11.1,O14757,2BRG,DFY,A,2.1,0,68
2BR1,2.7.11.1,O14757,2BRB,PFQ,A,2.1,0,68
2BR1,2.7.11.1,O14757,2YM8,YM8,A,2.07,0,68
2BR1,2.7.11.1,O14757,4QYE,3DL,A,2.05,0,68
2BR1,2.7.11.1,O14757,2YM5,YM5,A,2.03,0,68
2BR1,2.7.11.1,O14757,2YM6,YM6,A,2.01,0,68
2BR1,2.7.11.1,O14757,2YM3,YM3,A,2.01,0,68
2BR1,2.7.11.1,O14757,2WMV,ZYV,A,2.01,0,68
2BR1,2.7.11.1,O14757,2QHM,7CS,A,2.0,0,68
2BR1,2.7.11.1,O14757,2HXQ,373,A,2.0,0,68
2BR1,2.7.11.1,O14757,2BR1,PFP,A,2.0,0,68
2BR1,2.7.11.1,O14757,1NVQ,UCN,A,2.0,0,68
2BR1,2.7.11.1,O14757,2X8I,X8I,A,1.92,0,68
2BR1,2.7.11.1,O14757,6FCK,D4Z,A,1.9,0,68
2BR1,2.7.11.1,O14757,4QYH,3DX,"A,B",1.9,0,68
2BR1,2.7.11.1,O14757,4JIK,1KO,A,1.9,0,68
2BR1,2.7.11.1,O14757,3NLB,5BE,A,1.9,0,68
2BR1,2.7.11.1,O14757,3JVS,AGY,A,1.9,0,68
2BR1,2.7.11.1,O14757,3F9N,38M,A,1.9,0,68
2BR1,2.7.11.1,O14757,2YDK,YDK,A,1.9,0,68
2BR1,2.7.11.1,O14757,2X8D,X8D,A,1.9,0,68
2BR1,2.7.11.1,O14757,2R0U,M54,A,1.9,0,68
2BR1,2.7.11.1,O14757,2HOG,710,A,1.9,0,68
2BR1,2.7.11.1,O14757,4RVM,3X7,A,1.86,0,68
2BR1,2.7.11.1,O14757,6FCF,D58,A,1.85,0,68
2BR1,2.7.11.1,O14757,4RVL,3XL,A,1.85,0,68
2BR1,2.7.11.1,O14757,4RVK,3XK,A,1.85,0,68
2BR1,2.7.11.1,O14757,2YDJ,YDJ,"A,B",1.85,0,68
2BR1,2.7.11.1,O14757,2YER,TQ1,A,1.83,0,68
2BR1,2.7.11.1,O14757,2HXL,422,A,1.8,0,68
2BR1,2.7.11.1,O14757,1NVS,UCM,A,1.8,0,68
2BR1,2.7.11.1,O14757,1NVR,STU,A,1.8,0,68
2BR1,2.7.11.1,O14757,3TKH,07S,A,1.79,0,68
2BR1,2.7.11.1,O14757,3JVR,AGX,A,1.76,0,68
2BR1,2.7.11.1,O14757,4QYG,3DW,"A,B",1.75,0,68
2BR1,2.7.11.1,O14757,4HYH,1AM,A,1.7,0,68
2BR1,2.7.11.1,O14757,3PA5,C73,A,1.7,0,68
2BR1,2.7.11.1,O14757,2QHN,582,A,1.7,0,68
2BR1,2.7.11.1,O14757,2HY0,306,A,1.7,0,68
2BR1,2.7.11.1,O14757,3OT8,MI5,A,1.65,0,68
2BR1,2.7.11.1,O14757,6FC8,D4Q,A,1.61,0,68
2BR1,2.7.11.1,O14757,3TKI,S25,A,1.6,0,68
2BR1,2.7.11.1,O14757,2YDI,YDI,A,1.6,0,68
2BR1,2.7.11.1,O14757,3PA4,C72,A,1.59,0,68
2BR1,2.7.11.1,O14757,3OT3,22K,A,1.44,0,68
2BR1,2.7.11.1,O14757,4HYI,1AO,A,1.4,0,68
2BR1,2.7.11.1,O14757,3PA3,C70,A,1.4,0,68
2BR1,2.7.11.1,O14757,2YEX,YEX,A,1.3,0,68
1T40,1.1.1.21,P15121,1IEI,ZES,A,2.5,0,45
1T40,1.1.1.21,P15121,4XZI,F49,A,2.45,0,45
1T40,1.1.1.21,P15121,4JIR,EPR,A,2.0,0,45
1T40,1.1.1.21,P15121,2IQD,LPA,A,2.0,0,45
1T40,1.1.1.21,P15121,2IQ0,6NA,A,1.95,0,45
1T40,1.1.1.21,P15121,2INZ,OHP,A,1.95,0,45
1T40,1.1.1.21,P15121,2F2K,TGG,A,1.94,0,45
1T40,1.1.1.21,P15121,3V35,NTI,A,1.9,0,45
1T40,1.1.1.21,P15121,2INE,PAC,A,1.9,0,45
1T40,1.1.1.21,P15121,3S3G,TLT,A,1.8,0,45
1T40,1.1.1.21,P15121,3G5E,Q74,A,1.8,0,45
1T40,1.1.1.21,P15121,2ACQ,G6P,A,1.76,0,45
1T40,1.1.1.21,P15121,2IS7,2CL,A,1.7,0,45
1T40,1.1.1.21,P15121,1EL3,I84,A,1.7,0,45
1T40,1.1.1.21,P15121,2NVC,ITA,A,1.65,0,45
1T40,1.1.1.21,P15121,2IKH,LIT,A,1.55,0,45
1T40,1.1.1.21,P15121,3DN5,53N,A,1.45,0,45
1T40,1.1.1.21,P15121,2IKG,BTO,A,1.43,0,45
1T40,1.1.1.21,P15121,2PDG,47D,A,1.42,0,45
1T40,1.1.1.21,P15121,1X97,FIR,A,1.4,0,45
1T40,1.1.1.21,P15121,3T42,3T4,A,1.28,0,45
1T40,1.1.1.21,P15121,1PWL,BFI,A,1.1,0,45
1T40,1.1.1.21,P15121,2FZD,TOL,A,1.08,0,45
1T40,1.1.1.21,P15121,1T41,ID5,A,1.05,0,45
1T40,1.1.1.21,P15121,1Z3N,3NA,A,1.04,0,45
1T40,1.1.1.21,P15121,4XZH,48I,"A,B",1.0,0,45
1T40,1.1.1.21,P15121,3U2C,SUZ,A,1.0,0,45
1T40,1.1.1.21,P15121,5OUK,AVT,A,0.96,0,45
1T40,1.1.1.21,P15121,5OUJ,AW8,A,0.96,0,45
1T40,1.1.1.21,P15121,1Z8A,62P,A,0.95,0,45
1T40,1.1.1.21,P15121,5OU0,AV5,A,0.94,0,45
1T40,1.1.1.21,P15121,4QXI,I98,A,0.87,0,45
1T40,1.1.1.21,P15121,4LAZ,1WW,A,0.85,0,45
1T40,1.1.1.21,P15121,4IGS,64I,A,0.85,0,45
1T40,1.1.1.21,P15121,2PF8,NDP,A,0.85,0,45
1T40,1.1.1.21,P15121,2PF8,LDT,A,0.85,0,45
1T40,1.1.1.21,P15121,2PF8,FID,A,0.85,0,45
1T40,1.1.1.21,P15121,4LAU,W8X,A,0.84,0,45
1T40,1.1.1.21,P15121,4LBR,4O9,A,0.8,0,45
1T40,1.1.1.21,P15121,4LB4,1WX,A,0.8,0,45
1T40,1.1.1.21,P15121,4LB3,M15,A,0.8,0,45
1T40,1.1.1.21,P15121,3BCJ,FIS,A,0.78,0,45
1T40,1.1.1.21,P15121,3BCJ,CIT,A,0.78,0,45
1T40,1.1.1.21,P15121,4LBS,NAP,A,0.76,0,45
1T40,1.1.1.21,P15121,4LBS,4O8,A,0.76,0,45
1XOQ,3.1.4.17,Q08499,3SL6,JN8,"A,B,C,D",2.44,0,41
1XOQ,3.1.4.17,Q08499,4WCU,3KQ,"A,B,C,D",2.35,0,41
1XOQ,3.1.4.17,Q08499,5WQA,J20,"A,B",2.3,0,41
1XOQ,3.1.4.17,Q08499,5LBO,6M5,"A,B,C,D",2.25,0,41
1XOQ,3.1.4.17,Q08499,4W1O,3GJ,"A,B,C,D",2.2,0,41
1XOQ,3.1.4.17,Q08499,6FTW,E6Z,"A,B,C,D",2.16,0,41
1XOQ,3.1.4.17,Q08499,6F8U,CZQ,A,2.1,0,41
1XOQ,3.1.4.17,Q08499,1ZKN,IBM,"A,B,C,D",2.1,0,41
1XOQ,3.1.4.17,Q08499,1Y2E,5DE,"A,B",2.1,0,41
1XOQ,3.1.4.17,Q08499,6RCW,JX2,"B,C,D",2.08,0,41
1XOQ,3.1.4.17,Q08499,2FM5,M99,"A,B,C,D",2.03,0,41
1XOQ,3.1.4.17,Q08499,2FM0,M98,"A,B,C,D",2.0,0,41
1XOQ,3.1.4.17,Q08499,6HWO,FFZ,"A,B,C,D",1.99,0,41
1XOQ,3.1.4.17,Q08499,6F8X,D08,"A,B",1.95,0,41
1XOQ,3.1.4.17,Q08499,3SL4,JN4,"A,B,C,D",1.9,0,41
1XOQ,3.1.4.17,Q08499,6IND,AKO,"A,B",1.87,0,41
1XOQ,3.1.4.17,Q08499,6F8V,D0B,"A,B",1.85,0,41
1XOQ,3.1.4.17,Q08499,6F8R,CZK,"A,B",1.83,0,41
1XOQ,3.1.4.17,Q08499,6F6U,CV8,"A,B",1.83,0,41
1XOQ,3.1.4.17,Q08499,1XOQ,ROF,"A,B",1.83,0,41
1XOQ,3.1.4.17,Q08499,6F8T,CZT,"A,B",1.8,0,41
1XOQ,3.1.4.17,Q08499,1XON,PIL,"A,B",1.72,0,41
1XOQ,3.1.4.17,Q08499,6INK,AKU,"A,B",1.7,0,41
1XOQ,3.1.4.17,Q08499,6IM6,AH3,"A,B",1.7,0,41
1XOQ,3.1.4.17,Q08499,1Y2D,4DE,"A,B",1.7,0,41
1XOQ,3.1.4.17,Q08499,1Y2C,3DE,"A,B",1.67,0,41
1XOQ,3.1.4.17,Q08499,1TB7,AMP,"A,B",1.63,0,41
1XOQ,3.1.4.17,Q08499,6F8W,D0E,"A,B",1.6,0,41
1XOQ,3.1.4.17,Q08499,1TBB,ROL,"A,B",1.6,0,41
1XOQ,3.1.4.17,Q08499,2QYN,NPV,"A,B",1.57,0,41
1XOQ,3.1.4.17,Q08499,6IMO,AJL,"A,B",1.55,0,41
1XOQ,3.1.4.17,Q08499,1XOM,CIO,"A,B",1.55,0,41
1XOQ,3.1.4.17,Q08499,1XOR,ZAR,"A,B",1.54,0,41
1XOQ,3.1.4.17,Q08499,6IMR,AJX,"A,B",1.5,0,41
1XOQ,3.1.4.17,Q08499,6IMD,AH9,"A,B",1.5,0,41
1XOQ,3.1.4.17,Q08499,6IMT,AK0,"A,B",1.48,0,41
1XOQ,3.1.4.17,Q08499,6IMI,AH6,"A,B",1.46,0,41
1XOQ,3.1.4.17,Q08499,6FDC,D5N,B,1.45,0,41
1XOQ,3.1.4.17,Q08499,6FDC,DD5,A,1.45,0,41
1XOQ,3.1.4.17,Q08499,1Y2B,DEE,"A,B",1.4,0,41
1XOQ,3.1.4.17,Q08499,1Y2K,7DE,"A,B",1.36,0,41
1S3V,1.5.1.3,P00374,1OHJ,COP,A,2.5,0,38
1S3V,1.5.1.3,P00374,2DHF,DZF,"A,B",2.3,0,38
1S3V,1.5.1.3,P00374,1PD8,CO4,A,2.1,0,38
1S3V,1.5.1.3,P00374,1HFR,MOT,A,2.1,0,38
1S3V,1.5.1.3,P00374,1BOZ,PRD,A,2.1,0,38
1S3V,1.5.1.3,P00374,6A7C,9QO,A,2.06,0,38
1S3V,1.5.1.3,P00374,4DDR,MMV,A,2.05,0,38
1S3V,1.5.1.3,P00374,3NXY,D2H,A,1.9,0,38
1S3V,1.5.1.3,P00374,3NXV,D2F,A,1.9,0,38
1S3V,1.5.1.3,P00374,1S3W,TQT,A,1.9,0,38
1S3V,1.5.1.3,P00374,6A7E,9QR,A,1.85,0,38
1S3V,1.5.1.3,P00374,4KBN,25U,"A,B",1.84,0,38
1S3V,1.5.1.3,P00374,4KAK,06U,"A,B",1.8,0,38
1S3V,1.5.1.3,P00374,3S7A,684,A,1.8,0,38
1S3V,1.5.1.3,P00374,3NZD,D2Q,A,1.8,0,38
1S3V,1.5.1.3,P00374,1S3V,TQD,A,1.8,0,38
1S3V,1.5.1.3,P00374,1MVT,DTM,A,1.8,0,38
1S3V,1.5.1.3,P00374,4KFJ,1R0,A,1.76,0,38
1S3V,1.5.1.3,P00374,4M6L,21V,A,1.7,0,38
1S3V,1.5.1.3,P00374,4M6L,NAP,A,1.7,0,38
1S3V,1.5.1.3,P00374,3NXT,D2E,A,1.7,0,38
1S3V,1.5.1.3,P00374,3GYF,51P,A,1.7,0,38
1S3V,1.5.1.3,P00374,4QJC,IXE,A,1.62,0,38
1S3V,1.5.1.3,P00374,4QHV,IXF,A,1.61,0,38
1S3V,1.5.1.3,P00374,2C2T,39E,"A,B",1.5,0,38
1S3V,1.5.1.3,P00374,2C2T,39B,"A,B",1.5,0,38
1S3V,1.5.1.3,P00374,4KEB,FOL,B,1.45,0,38
1S3V,1.5.1.3,P00374,4KEB,1QZ,A,1.45,0,38
1S3V,1.5.1.3,P00374,2C2S,34B,"A,B",1.4,0,38
1S3V,1.5.1.3,P00374,4G95,OAG,A,1.35,0,38
1S3V,1.5.1.3,P00374,3NXO,D2B,A,1.35,0,38
1S3V,1.5.1.3,P00374,3NU0,3TU,A,1.35,0,38
1S3V,1.5.1.3,P00374,3NTZ,3TZ,A,1.35,0,38
1S3V,1.5.1.3,P00374,3GHW,GHW,A,1.24,0,38
1S3V,1.5.1.3,P00374,3FS6,DH1,A,1.23,0,38
1S3V,1.5.1.3,P00374,1KMS,LIH,A,1.09,0,38
1S3V,1.5.1.3,P00374,1KMV,NDP,A,1.05,0,38
1S3V,1.5.1.3,P00374,1KMV,LII,A,1.05,0,38
1N2V,2.4.2.29,P28720,1Y5X,E89,"A,D",2.1,0,38
1N2V,2.4.2.29,P28720,1Q65,BHB,A,2.1,0,38
1N2V,2.4.2.29,P28720,2QZR,S79,A,1.95,0,38
1N2V,2.4.2.29,P28720,1S39,AQO,A,1.95,0,38
1N2V,2.4.2.29,P28720,1ENU,APZ,A,1.95,0,38
1N2V,2.4.2.29,P28720,3EOU,PK3,A,1.93,0,38
1N2V,2.4.2.29,P28720,1F3E,DPZ,A,1.85,0,38
1N2V,2.4.2.29,P28720,3S1G,ITE,A,1.82,0,38
1N2V,2.4.2.29,P28720,1S38,MAQ,A,1.81,0,38
1N2V,2.4.2.29,P28720,3GC4,AAQ,A,1.8,0,38
1N2V,2.4.2.29,P28720,1K4H,APQ,A,1.8,0,38
1N2V,2.4.2.29,P28720,3EOS,PK2,A,1.78,0,38
1N2V,2.4.2.29,P28720,3C2Y,S60,A,1.78,0,38
1N2V,2.4.2.29,P28720,2PWU,GUN,A,1.77,0,38
1N2V,2.4.2.29,P28720,1Q66,KMB,A,1.75,0,38
1N2V,2.4.2.29,P28720,2QII,PQ0,A,1.7,0,38
1N2V,2.4.2.29,P28720,2BBF,344,A,1.7,0,38
1N2V,2.4.2.29,P28720,1K4G,AIQ,A,1.7,0,38
1N2V,2.4.2.29,P28720,3RR4,HRD,A,1.68,0,38
1N2V,2.4.2.29,P28720,1Y5W,NEZ,A,1.58,0,38
1N2V,2.4.2.29,P28720,1Y5V,NE8,A,1.58,0,38
1N2V,2.4.2.29,P28720,3SM0,AEK,A,1.57,0,38
1N2V,2.4.2.29,P28720,4Q4P,2YO,A,1.54,0,38
1N2V,2.4.2.29,P28720,3GE7,AFQ,A,1.5,0,38
1N2V,2.4.2.29,P28720,4PUK,2WU,A,1.49,0,38
1N2V,2.4.2.29,P28720,4Q4R,SQO,A,1.45,0,38
1N2V,2.4.2.29,P28720,4PUJ,CKR,A,1.42,0,38
1N2V,2.4.2.29,P28720,4Q4Q,SAQ,A,1.41,0,38
1N2V,2.4.2.29,P28720,4LEQ,1WK,A,1.41,0,38
1N2V,2.4.2.29,P28720,3GC5,2MQ,A,1.4,0,38
1N2V,2.4.2.29,P28720,3TLL,62D,A,1.37,0,38
1N2V,2.4.2.29,P28720,4Q4O,2YM,A,1.35,0,38
1N2V,2.4.2.29,P28720,4KWO,1UD,A,1.32,0,38
1N2V,2.4.2.29,P28720,2Z7K,BGU,A,1.28,0,38
1N2V,2.4.2.29,P28720,4Q4S,S98,A,1.25,0,38
1N2V,2.4.2.29,P28720,5JXQ,6OK,A,1.2,0,38
1N2V,2.4.2.29,P28720,1R5Y,DQU,A,1.2,0,38
1N2V,2.4.2.29,P28720,4LBU,1WJ,A,1.17,0,38
1YGC,3.4.21.21,P08709,4X8V,3Z9,H,2.5,0,37
1YGC,3.4.21.21,P08709,2ZZU,359,H,2.5,0,37
1YGC,3.4.21.21,P08709,1WQV,PSM,H,2.5,0,37
1YGC,3.4.21.21,P08709,1W0Y,771,H,2.5,0,37
1YGC,3.4.21.21,P08709,1WUN,P5B,H,2.4,0,37
1YGC,3.4.21.21,P08709,2FLR,7NH,H,2.35,0,37
1YGC,3.4.21.21,P08709,5U6J,82J,H,2.3,0,37
1YGC,3.4.21.21,P08709,4YT7,4K1,H,2.3,0,37
1YGC,3.4.21.21,P08709,4NA9,1T7,H,2.24,0,37
1YGC,3.4.21.21,P08709,2B7D,C1B,H,2.24,0,37
1YGC,3.4.21.21,P08709,4X8T,3Z8,H,2.2,0,37
1YGC,3.4.21.21,P08709,1WTG,3BP,H,2.2,0,37
1YGC,3.4.21.21,P08709,4JYV,1OJ,H,2.19,0,37
1YGC,3.4.21.21,P08709,4X8U,3ZB,H,2.1,0,37
1YGC,3.4.21.21,P08709,4X8S,3Z7,H,2.1,0,37
1YGC,3.4.21.21,P08709,4YT6,4JY,H,2.07,0,37
1YGC,3.4.21.21,P08709,5I46,67O,H,2.06,0,37
1YGC,3.4.21.21,P08709,4ZXY,4T1,H,2.06,0,37
1YGC,3.4.21.21,P08709,2EC9,24X,H,2.0,0,37
1YGC,3.4.21.21,P08709,1Z6J,PY3,H,2.0,0,37
1YGC,3.4.21.21,P08709,1YGC,905,H,2.0,0,37
1YGC,3.4.21.21,P08709,4ISI,1GG,H,1.94,0,37
1YGC,3.4.21.21,P08709,5TQG,7KS,H,1.9,0,37
1YGC,3.4.21.21,P08709,5TQE,7KQ,H,1.9,0,37
1YGC,3.4.21.21,P08709,5TQF,7KR,H,1.85,0,37
1YGC,3.4.21.21,P08709,4JZF,1NL,H,1.84,0,37
1YGC,3.4.21.21,P08709,5L2Y,70D,H,1.82,0,37
1YGC,3.4.21.21,P08709,4ISH,1GE,H,1.82,0,37
1YGC,3.4.21.21,P08709,4JYU,1OK,H,1.8,0,37
1YGC,3.4.21.21,P08709,2A2Q,PBZ,H,1.8,0,37
1YGC,3.4.21.21,P08709,1W7X,413,H,1.8,0,37
1YGC,3.4.21.21,P08709,5L2Z,70C,H,1.79,0,37
1YGC,3.4.21.21,P08709,5L30,70A,H,1.73,0,37
1YGC,3.4.21.21,P08709,2C4F,GIL,H,1.72,0,37
1YGC,3.4.21.21,P08709,1KLI,BEN,H,1.69,0,37
1YGC,3.4.21.21,P08709,2BZ6,346,H,1.6,0,37
1YGC,3.4.21.21,P08709,4JZE,1NK,H,1.52,0,37
1GPK,3.1.1.7,P04058,2CMF,F11,A,2.5,0,36
1GPK,3.1.1.7,P04058,1EVE,E20,A,2.5,0,36
1GPK,3.1.1.7,P04058,5BWC,HBP,A,2.45,0,36
1GPK,3.1.1.7,P04058,5E4T,MBT,A,2.43,0,36
1GPK,3.1.1.7,P04058,6FLD,DQ5,A,2.4,0,36
1GPK,3.1.1.7,P04058,2ACK,EDR,A,2.4,0,36
1GPK,3.1.1.7,P04058,1UT6,A8N,A,2.4,0,36
1GPK,3.1.1.7,P04058,1GPN,HUB,A,2.35,0,36
1GPK,3.1.1.7,P04058,6FQN,E2W,A,2.3,0,36
1GPK,3.1.1.7,P04058,4TVK,TJH,A,2.3,0,36
1GPK,3.1.1.7,P04058,2XI4,AFT,"A,B",2.3,0,36
1GPK,3.1.1.7,P04058,2VJC,CHH,"A,B",2.3,0,36
1GPK,3.1.1.7,P04058,1ZGB,A1E,A,2.3,0,36
1GPK,3.1.1.7,P04058,1JJB,PE7,A,2.3,0,36
1GPK,3.1.1.7,P04058,3ZV7,NHG,A,2.26,0,36
1GPK,3.1.1.7,P04058,3I6M,G3X,A,2.26,0,36
1GPK,3.1.1.7,P04058,5NAU,DZ0,A,2.25,0,36
1GPK,3.1.1.7,P04058,6H12,FJK,"A,B",2.2,0,36
1GPK,3.1.1.7,P04058,6EZG,C6K,"A,B",2.2,0,36
1GPK,3.1.1.7,P04058,2WG1,FP1,A,2.2,0,36
1GPK,3.1.1.7,P04058,2CEK,N8T,A,2.2,0,36
1GPK,3.1.1.7,P04058,1ODC,A8B,A,2.2,0,36
1GPK,3.1.1.7,P04058,1GQR,SAF,A,2.2,0,36
1GPK,3.1.1.7,P04058,3I6Z,G6X,A,2.19,0,36
1GPK,3.1.1.7,P04058,5NAP,DZ7,A,2.17,0,36
1GPK,3.1.1.7,P04058,1W4L,GL8,A,2.16,0,36
1GPK,3.1.1.7,P04058,2CKM,AA7,A,2.15,0,36
1GPK,3.1.1.7,P04058,1H23,E12,A,2.15,0,36
1GPK,3.1.1.7,P04058,1H22,E10,A,2.15,0,36
1GPK,3.1.1.7,P04058,1ZGC,A2E,"A,B",2.1,0,36
1GPK,3.1.1.7,P04058,1GPK,HUP,A,2.1,0,36
1GPK,3.1.1.7,P04058,1E66,HUX,A,2.1,0,36
1GPK,3.1.1.7,P04058,1W6R,GNT,A,2.05,0,36
1GPK,3.1.1.7,P04058,6G1W,E0Z,"A,B",1.9,0,36
1GPK,3.1.1.7,P04058,6H14,FW8,"A,B",1.86,0,36
1GPK,3.1.1.7,P04058,6G1V,E1N,"A,B",1.82,0,36
1PMN,2.7.11.24,P53779,2ZDU,446,A,2.5,0,34
1PMN,2.7.11.24,P53779,1PMV,537,A,2.5,0,34
1PMN,2.7.11.24,P53779,2O2U,738,A,2.45,0,34
1PMN,2.7.11.24,P53779,3PTG,932,A,2.43,0,34
1PMN,2.7.11.24,P53779,3RTP,34I,A,2.4,0,34
1PMN,2.7.11.24,P53779,3KVX,FMY,A,2.4,0,34
1PMN,2.7.11.24,P53779,3G90,J72,X,2.4,0,34
1PMN,2.7.11.24,P53779,2WAJ,SNB,A,2.4,0,34
1PMN,2.7.11.24,P53779,2P33,J07,A,2.4,0,34
1PMN,2.7.11.24,P53779,2OK1,33A,A,2.4,0,34
1PMN,2.7.11.24,P53779,4W4Y,3HQ,A,2.3,0,34
1PMN,2.7.11.24,P53779,3FI2,JK1,A,2.28,0,34
1PMN,2.7.11.24,P53779,3TTI,KBI,A,2.2,0,34
1PMN,2.7.11.24,P53779,3OXI,SYY,A,2.2,0,34
1PMN,2.7.11.24,P53779,3G9L,J67,X,2.2,0,34
1PMN,2.7.11.24,P53779,3FI3,JK2,A,2.2,0,34
1PMN,2.7.11.24,P53779,1PMN,984,A,2.2,0,34
1PMN,2.7.11.24,P53779,6EKD,B9K,A,2.1,0,34
1PMN,2.7.11.24,P53779,4Z9L,880,A,2.1,0,34
1PMN,2.7.11.24,P53779,4Z9L,ANP,A,2.1,0,34
1PMN,2.7.11.24,P53779,3TTJ,JBI,A,2.1,0,34
1PMN,2.7.11.24,P53779,2O0U,C0M,A,2.1,0,34
1PMN,2.7.11.24,P53779,4Y5H,519,A,2.06,0,34
1PMN,2.7.11.24,P53779,4Y46,4F2,A,2.04,0,34
1PMN,2.7.11.24,P53779,4W4V,3H8,A,2.01,0,34
1PMN,2.7.11.24,P53779,3DA6,BZ9,A,2.0,0,34
1PMN,2.7.11.24,P53779,2ZDT,46C,A,2.0,0,34
1PMN,2.7.11.24,P53779,4X21,3WH,"A,B",1.95,0,34
1PMN,2.7.11.24,P53779,4W4W,3HJ,A,1.9,0,34
1PMN,2.7.11.24,P53779,2B1P,AIZ,A,1.9,0,34
1PMN,2.7.11.24,P53779,6EQ9,ACP,"A,B",1.83,0,34
1PMN,2.7.11.24,P53779,4WHZ,3NL,A,1.79,0,34
1PMN,2.7.11.24,P53779,6EMH,BGE,"A,B,C,D",1.76,0,34
1PMN,2.7.11.24,P53779,3OY1,589,A,1.7,0,34
1HWW,3.2.1.114,Q24451,1TQV,SSE,A,2.03,0,34
1HWW,3.2.1.114,Q24451,1TQU,GHA,A,2.03,0,34
1HWW,3.2.1.114,Q24451,1R34,LKS,A,1.95,0,34
1HWW,3.2.1.114,Q24451,2FYV,W72,A,1.9,0,34
1HWW,3.2.1.114,Q24451,1TQT,SSD,A,1.9,0,34
1HWW,3.2.1.114,Q24451,1HWW,SWA,A,1.87,0,34
1HWW,3.2.1.114,Q24451,1R33,LKA,A,1.8,0,34
1HWW,3.2.1.114,Q24451,1PS3,NAG,A,1.8,0,34
1HWW,3.2.1.114,Q24451,1PS3,KIF,A,1.8,0,34
1HWW,3.2.1.114,Q24451,3D50,OEV,A,1.79,0,34
1HWW,3.2.1.114,Q24451,2OW7,NK2,A,1.77,0,34
1HWW,3.2.1.114,Q24451,3D52,GHR,A,1.6,0,34
1HWW,3.2.1.114,Q24451,3D4Y,MVL,A,1.52,0,34
1HWW,3.2.1.114,Q24451,1HXK,DMJ,A,1.5,0,34
1HWW,3.2.1.114,Q24451,3EJQ,HN3,A,1.45,0,34
1HWW,3.2.1.114,Q24451,2F1B,GB3,A,1.45,0,34
1HWW,3.2.1.114,Q24451,2F1A,GB2,A,1.45,0,34
1HWW,3.2.1.114,Q24451,3D51,GOX,A,1.43,0,34
1HWW,3.2.1.114,Q24451,2F7O,MSN,A,1.43,0,34
1HWW,3.2.1.114,Q24451,3DX3,YTB,A,1.42,0,34
1HWW,3.2.1.114,Q24451,3DX2,MZB,A,1.4,0,34
1HWW,3.2.1.114,Q24451,3D4Z,GIM,A,1.39,0,34
1HWW,3.2.1.114,Q24451,3DX4,GOO,A,1.38,0,34
1HWW,3.2.1.114,Q24451,3EJT,HN6,A,1.35,0,34
1HWW,3.2.1.114,Q24451,3EJS,HN5,A,1.35,0,34
1HWW,3.2.1.114,Q24451,3EJU,HN7,A,1.32,0,34
1HWW,3.2.1.114,Q24451,3EJP,HN2,A,1.32,0,34
1HWW,3.2.1.114,Q24451,2F18,GB1,A,1.3,0,34
1HWW,3.2.1.114,Q24451,1TQS,SSO,A,1.3,0,34
1HWW,3.2.1.114,Q24451,2F7P,2SK,A,1.28,0,34
1HWW,3.2.1.114,Q24451,3EJR,HN4,A,1.27,0,34
1HWW,3.2.1.114,Q24451,3DX1,YHO,A,1.21,0,34
1HWW,3.2.1.114,Q24451,1TQW,BLT,A,1.2,0,34
1HWW,3.2.1.114,Q24451,2OW6,NK1,A,1.19,0,34
1JLA,2.7.7.49,P04585,4I7F,NVE,A,2.5,0,31
1JLA,2.7.7.49,P04585,3DLE,GFA,A,2.5,0,31
1JLA,2.7.7.49,P04585,1EP4,S11,A,2.5,0,31
1JLA,2.7.7.49,P04585,2YNI,CXD,A,2.49,0,31
1JLA,2.7.7.49,P04585,5K14,IB1,A,2.4,0,31
1JLA,2.7.7.49,P04585,3MEE,T27,A,2.4,0,31
1JLA,2.7.7.49,P04585,2RF2,MRX,A,2.4,0,31
1JLA,2.7.7.49,P04585,1VRU,AAP,A,2.4,0,31
1JLA,2.7.7.49,P04585,4KV8,1WT,A,2.3,0,31
1JLA,2.7.7.49,P04585,3MEC,65B,A,2.3,0,31
1JLA,2.7.7.49,P04585,3LAK,KR1,A,2.3,0,31
1JLA,2.7.7.49,P04585,3DYA,PZL,A,2.3,0,31
1JLA,2.7.7.49,P04585,2RKI,TT1,A,2.3,0,31
1JLA,2.7.7.49,P04585,3LP1,LP8,A,2.23,0,31
1JLA,2.7.7.49,P04585,3DLG,GWE,A,2.2,0,31
1JLA,2.7.7.49,P04585,1RTH,U05,A,2.2,0,31
1JLA,2.7.7.49,P04585,2YNG,WHU,A,2.12,0,31
1JLA,2.7.7.49,P04585,3QIP,P4Y,A,2.09,0,31
1JLA,2.7.7.49,P04585,3QIP,NVP,A,2.09,0,31
1JLA,3.4.23.16,P04585,1ODY,LP1,A,2.0,0,31
1JLA,3.4.23.16,P04585,1HIV,1ZK,A,2.0,0,31
1JLA,3.4.23.16,P04585,1QBU,846,B,1.8,0,31
1JLA,3.4.23.16,P04585,1QBR,XV6,A,1.8,0,31
1JLA,3.4.23.16,P04585,1HWR,216,B,1.8,0,31
1JLA,3.4.23.16,P04585,1HVR,XK2,A,1.8,0,31
1JLA,3.4.23.16,P04585,1HVH,Q82,B,1.8,0,31
1JLA,3.4.23.16,P04585,4U7Q,3EM,B,1.7,0,31
1JLA,3.4.23.16,P04585,5DGW,5B5,A,1.62,0,31
1JLA,3.4.23.16,P04585,4U7V,3EN,B,1.38,0,31
1JLA,3.4.23.16,P04585,6E7J,HWY,A,1.3,0,31
1JLA,3.4.23.16,P04585,5DGU,5B7,A,1.22,0,31
1Z95,18.-.-.-,P10275,4HLW,17W,A,2.5,0,29
1Z95,18.-.-.-,P10275,2YLO,YLO,A,2.5,0,29
1Z95,18.-.-.-,P10275,2YLQ,YLQ,A,2.4,0,29
1Z95,18.-.-.-,P10275,2PIX,FLF,A,2.4,0,29
1Z95,18.-.-.-,P10275,2PIQ,RB1,A,2.4,0,29
1Z95,18.-.-.-,P10275,5VO4,9FG,A,2.35,0,29
1Z95,18.-.-.-,P10275,3ZQT,30Z,A,2.29,0,29
1Z95,18.-.-.-,P10275,2YHD,TES,A,2.2,0,29
1Z95,18.-.-.-,P10275,2YHD,AV6,A,2.2,0,29
1Z95,18.-.-.-,P10275,4QL8,JAD,A,2.1,0,29
1Z95,18.-.-.-,P10275,2HVC,LGD,A,2.1,0,29
1Z95,18.-.-.-,P10275,5CJ6,51Y,A,2.07,0,29
1Z95,18.-.-.-,P10275,3V4A,PK1,A,1.95,0,29
1Z95,18.-.-.-,P10275,3RLJ,RLJ,A,1.9,0,29
1Z95,18.-.-.-,P10275,3B68,B68,A,1.9,0,29
1Z95,18.-.-.-,P10275,3B67,B67,A,1.9,0,29
1Z95,18.-.-.-,P10275,3B65,3B6,A,1.8,0,29
1Z95,18.-.-.-,P10275,3B5R,B5R,A,1.8,0,29
1Z95,18.-.-.-,P10275,2PIP,K10,L,1.8,0,29
1Z95,18.-.-.-,P10275,2PIP,ICO,L,1.8,0,29
1Z95,18.-.-.-,P10275,1XOW,R18,A,1.8,0,29
1Z95,18.-.-.-,P10275,2PIT,DHT,A,1.76,0,29
1Z95,18.-.-.-,P10275,2PIT,4HY,A,1.76,0,29
1Z95,18.-.-.-,P10275,2AMB,17H,A,1.75,0,29
1Z95,18.-.-.-,P10275,3V49,PK0,A,1.7,0,29
1Z95,18.-.-.-,P10275,3B66,B66,A,1.65,0,29
1Z95,18.-.-.-,P10275,2PNU,ENM,A,1.65,0,29
1Z95,18.-.-.-,P10275,2AX9,BHM,A,1.65,0,29
1Z95,18.-.-.-,P10275,5V8Q,97A,A,1.44,0,29
1HNN,2.1.1.28,P11086,3KQQ,ES6,"A,B",2.5,0,29
1HNN,2.1.1.28,P11086,2AN5,TTL,"A,B",2.5,0,29
1HNN,2.1.1.28,P11086,3KQW,ES9,"A,B",2.49,0,29
1HNN,2.1.1.28,P11086,3KQT,ES7,"A,B",2.4,0,29
1HNN,2.1.1.28,P11086,3KQP,ES5,"A,B",2.4,0,29
1HNN,2.1.1.28,P11086,3KQO,ES4,"A,B",2.4,0,29
1HNN,2.1.1.28,P11086,3KQM,ES3,"A,B",2.4,0,29
1HNN,2.1.1.28,P11086,3KPY,ES2,"A,B",2.4,0,29
1HNN,2.1.1.28,P11086,3KPW,1SQ,"A,B",2.4,0,29
1HNN,2.1.1.28,P11086,3KPV,ADE,"A,B",2.4,0,29
1HNN,2.1.1.28,P11086,3KPU,ES1,"A,B",2.4,0,29
1HNN,2.1.1.28,P11086,3HCB,LT2,"A,B",2.4,0,29
1HNN,2.1.1.28,P11086,2G70,HNT,B,2.4,0,29
1HNN,2.1.1.28,P11086,1YZ3,SKA,"A,B",2.4,0,29
1HNN,2.1.1.28,P11086,1HNN,SKF,"A,B",2.4,0,29
1HNN,2.1.1.28,P11086,3HCD,LNR,"A,B",2.39,0,29
1HNN,2.1.1.28,P11086,3KR2,ET2,"A,B",2.3,0,29
1HNN,2.1.1.28,P11086,3KR1,VGD,"A,B",2.3,0,29
1HNN,2.1.1.28,P11086,3KQV,FAN,"A,B",2.3,0,29
1HNN,2.1.1.28,P11086,3HCC,LT3,"A,B",2.3,0,29
1HNN,2.1.1.28,P11086,3KQY,ES0,"A,B",2.2,0,29
1HNN,2.1.1.28,P11086,2G71,FTS,"A,B",2.2,0,29
1HNN,2.1.1.28,P11086,2AN4,OTR,"A,B",2.2,0,29
1HNN,2.1.1.28,P11086,2AN3,CTL,"A,B",2.2,0,29
1HNN,2.1.1.28,P11086,2G8N,F83,"A,B",2.15,0,29
1HNN,2.1.1.28,P11086,3KQS,SAH,"A,B",2.0,0,29
1HNN,2.1.1.28,P11086,3KQS,AX7,"A,B",2.0,0,29
1HNN,2.1.1.28,P11086,2G72,SAM,"A,B",2.0,0,29
1HNN,2.1.1.28,P11086,2G72,F21,"A,B",2.0,0,29
1N1M,3.4.14.5,P27487,1N1M,A3M,"A,B",2.5,0,28
1N1M,3.4.14.5,P27487,3VJK,M51,"A,B",2.49,0,28
1N1M,3.4.14.5,P27487,3CCB,B2Y,"A,B,C,D",2.49,0,28
1N1M,3.4.14.5,P27487,3G0G,RUM,"A,B,C,D",2.45,0,28
1N1M,3.4.14.5,P27487,4LKO,1WH,"A,B",2.43,0,28
1N1M,3.4.14.5,P27487,3F8S,PF2,"A,B",2.43,0,28
1N1M,3.4.14.5,P27487,3KWF,B1Q,"A,B",2.4,0,28
1N1M,3.4.14.5,P27487,2OLE,KR2,"A,B",2.4,0,28
1N1M,3.4.14.5,P27487,3VJL,W94,"A,B",2.39,0,28
1N1M,3.4.14.5,P27487,3G0D,XIH,"A,B,C,D",2.39,0,28
1N1M,3.4.14.5,P27487,4JH0,1MD,"A,B",2.35,0,28
1N1M,3.4.14.5,P27487,3NOX,6A5,"A,B",2.34,0,28
1N1M,3.4.14.5,P27487,4N8E,2KV,"A,B",2.3,0,28
1N1M,3.4.14.5,P27487,2OAG,DLI,B,2.3,0,28
1N1M,3.4.14.5,P27487,3G0B,T22,"A,B,C,D",2.25,0,28
1N1M,3.4.14.5,P27487,5KBY,6RL,"A,B,C,D",2.24,0,28
1N1M,3.4.14.5,P27487,2QJR,PZF,"A,B",2.2,0,28
1N1M,3.4.14.5,P27487,2P8S,417,"A,B",2.2,0,28
1N1M,3.4.14.5,P27487,1RWQ,5AP,"A,B",2.2,0,28
1N1M,3.4.14.5,P27487,3VJM,W61,"A,B",2.1,0,28
1N1M,3.4.14.5,P27487,2OGZ,U1N,"A,B",2.1,0,28
1N1M,3.4.14.5,P27487,3SWW,KXB,"A,B",2.0,0,28
1N1M,3.4.14.5,P27487,3EIO,AJH,"A,B",2.0,0,28
1N1M,3.4.14.5,P27487,5T4F,75M,"A,B",1.9,0,28
1N1M,3.4.14.5,P27487,5T4E,75L,"A,B",1.77,0,28
1N1M,3.4.14.5,P27487,5T4B,75N,"A,B",1.76,0,28
1N1M,3.4.14.5,P27487,4N8D,2KS,"A,B",1.65,0,28
1N1M,3.4.14.5,P27487,4A5S,N7F,"A,B",1.62,0,28
1HQ2,2.7.6.3,P26281,4M5N,YH7,"A,B",2.0,0,27
1HQ2,2.7.6.3,P26281,3UD5,J1A,A,2.0,0,27
1HQ2,2.7.6.3,P26281,1DY3,87Y,A,2.0,0,27
1HQ2,2.7.6.3,P26281,3UDV,J1C,A,1.88,0,27
1HQ2,2.7.6.3,P26281,3UDE,J1B,A,1.88,0,27
1HQ2,2.7.6.3,P26281,1EX8,A4P,A,1.85,0,27
1HQ2,2.7.6.3,P26281,5ETL,5RV,"A,B,C,D",1.82,0,27
1HQ2,2.7.6.3,P26281,4F7V,J1D,A,1.73,0,27
1HQ2,2.7.6.3,P26281,4M5J,YH5,A,1.7,0,27
1HQ2,2.7.6.3,P26281,1RAO,AMP,A,1.56,0,27
1HQ2,2.7.6.3,P26281,1RAO,HH2,A,1.56,0,27
1HQ2,2.7.6.3,P26281,1EQM,ADP,A,1.5,0,27
1HQ2,2.7.6.3,P26281,5ETM,5RW,A,1.46,0,27
1HQ2,2.7.6.3,P26281,5ETN,5RX,A,1.4,0,27
1HQ2,2.7.6.3,P26281,5ETN,ATP,A,1.4,0,27
1HQ2,2.7.6.3,P26281,4M5G,YH1,A,1.31,0,27
1HQ2,2.7.6.3,P26281,4M5K,YH3,A,1.3,0,27
1HQ2,2.7.6.3,P26281,4M5M,DX4,A,1.12,0,27
1HQ2,2.7.6.3,P26281,4M5H,YH2,A,1.11,0,27
1HQ2,2.7.6.3,P26281,5ETK,5RU,A,1.09,0,27
1HQ2,2.7.6.3,P26281,4M5L,YH4,A,1.09,0,27
1HQ2,2.7.6.3,P26281,4M5I,YH6,A,1.08,0,27
1HQ2,2.7.6.3,P26281,5ETO,5RY,A,1.07,0,27
1HQ2,2.7.6.3,P26281,5ETP,5RZ,A,1.05,0,27
1HQ2,2.7.6.3,P26281,3IP0,HHS,A,0.89,0,27
1HQ2,2.7.6.3,P26281,3IP0,APC,A,0.89,0,27
1HQ2,2.7.6.3,P26281,3IP0,HHR,A,0.89,0,27
1S19,15.-.-.-,P11473,1S0Z,EB1,A,2.5,0,26
1S19,15.-.-.-,P11473,4ITE,TEY,A,2.49,0,26
1S19,15.-.-.-,P11473,3VHW,VHW,A,2.43,0,26
1S19,15.-.-.-,P11473,3AUR,CA9,A,2.21,0,26
1S19,15.-.-.-,P11473,1S19,MC9,A,2.1,0,26
1S19,15.-.-.-,P11473,5YT2,90O,A,2.0,0,26
1S19,15.-.-.-,P11473,5YSY,90L,A,2.0,0,26
1S19,15.-.-.-,P11473,3CS4,COV,A,2.0,0,26
1S19,15.-.-.-,P11473,2HB8,MVD,A,2.0,0,26
1S19,15.-.-.-,P11473,2HAS,C3O,A,1.96,0,26
1S19,15.-.-.-,P11473,3KPZ,ZNE,A,1.9,0,26
1S19,15.-.-.-,P11473,2HAR,OCC,A,1.9,0,26
1S19,15.-.-.-,P11473,2HAM,C33,A,1.9,0,26
1S19,15.-.-.-,P11473,1TXI,TX5,A,1.9,0,26
1S19,15.-.-.-,P11473,4G2I,0VQ,A,1.8,0,26
1S19,15.-.-.-,P11473,3CS6,0CO,A,1.8,0,26
1S19,15.-.-.-,P11473,2HB7,O1C,A,1.8,0,26
1S19,15.-.-.-,P11473,3TKC,FMV,A,1.75,0,26
1S19,15.-.-.-,P11473,3A3Z,2MV,X,1.72,0,26
1S19,15.-.-.-,P11473,3P8X,ZYD,A,1.7,0,26
1S19,15.-.-.-,P11473,3AZ2,DS3,A,1.69,0,26
1S19,15.-.-.-,P11473,1IE8,KH1,A,1.52,0,26
1S19,15.-.-.-,P11473,3AZ1,DS2,A,1.5,0,26
1S19,15.-.-.-,P11473,3A40,23R,X,1.45,0,26
1S19,15.-.-.-,P11473,1IE9,VDX,A,1.4,0,26
1S19,15.-.-.-,P11473,3AZ3,DS6,A,1.36,0,26
1L2S,3.5.2.6,P00811,3GRJ,G14,B,2.49,0,25
1L2S,3.5.2.6,P00811,4JXW,1MW,"A,B",2.3,0,25
1L2S,3.5.2.6,P00811,3GSG,GF1,B,2.1,0,25
1L2S,3.5.2.6,P00811,1XGJ,HTC,"A,B",1.97,0,25
1L2S,3.5.2.6,P00811,1XGI,NST,B,1.96,0,25
1L2S,3.5.2.6,P00811,1L2S,STC,A,1.94,0,25
1L2S,3.5.2.6,P00811,4JXS,18U,B,1.9,0,25
1L2S,3.5.2.6,P00811,2R9X,WH6,"A,B",1.9,0,25
1L2S,3.5.2.6,P00811,1LL9,AXL,B,1.87,0,25
1L2S,3.5.2.6,P00811,2PU2,DK2,"A,B",1.86,0,25
1L2S,3.5.2.6,P00811,3GVB,3GV,A,1.8,0,25
1L2S,3.5.2.6,P00811,3GV9,GV9,B,1.8,0,25
1L2S,3.5.2.6,P00811,3GR2,GF4,A,1.8,0,25
1L2S,3.5.2.6,P00811,3GQZ,GF7,A,1.8,0,25
1L2S,3.5.2.6,P00811,2R9W,23C,"A,B",1.8,0,25
1L2S,3.5.2.6,P00811,4JXV,1MU,"A,B",1.76,0,25
1L2S,3.5.2.6,P00811,4KZ9,1U7,A,1.72,0,25
1L2S,3.5.2.6,P00811,4KZ6,ZB6,B,1.68,0,25
1L2S,3.5.2.6,P00811,4KZ3,1U1,"A,B",1.67,0,25
1L2S,3.5.2.6,P00811,4OLD,2UZ,"A,B",1.48,0,25
1L2S,3.5.2.6,P00811,4KZ7,1U5,"A,B",1.43,0,25
1L2S,3.5.2.6,P00811,4KZ4,4A1,B,1.42,0,25
1L2S,3.5.2.6,P00811,4OKP,2V0,B,1.37,0,25
1L2S,3.5.2.6,P00811,4KZB,NZ3,"A,B",1.37,0,25
1L2S,3.5.2.6,P00811,4KZ5,1U3,"A,B",1.35,0,25
1Q41,2.7.11.26,P49841,6HK4,G8E,"A,B",2.5,0,24
1Q41,2.7.11.26,P49841,3ZRM,ZRM,"A,B",2.49,0,24
1Q41,2.7.11.26,P49841,3ZRL,ZRL,"A,B",2.48,0,24
1Q41,2.7.11.26,P49841,5HLP,65A,"A,B",2.45,0,24
1Q41,2.7.11.26,P49841,5KPK,6VK,"A,B",2.4,0,24
1Q41,2.7.11.26,P49841,3GB2,G3B,A,2.4,0,24
1Q41,2.7.11.26,P49841,3F7Z,34O,"A,B",2.4,0,24
1Q41,2.7.1.37,P49841,1O9U,ADZ,A,2.4,0,24
1Q41,2.7.11.26,P49841,3ZRK,ZRK,"A,B",2.37,0,24
1Q41,2.7.11.26,P49841,4PTG,2WG,"A,B",2.36,0,24
1Q41,2.7.11.26,P49841,6HK3,G8B,"A,B",2.35,0,24
1Q41,2.7.11.26,P49841,2JLD,AG1,"A,B",2.35,0,24
1Q41,2.7.11.26,P49841,3I4B,Z48,"A,B",2.3,0,24
1Q41,2.7.11.26,P49841,1Q3W,ATU,"A,B",2.3,0,24
1Q41,2.7.11.26,P49841,1R0E,DFN,"A,B",2.25,0,24
1Q41,2.7.11.26,P49841,4ACC,7YG,"A,B",2.21,0,24
1Q41,2.7.11.26,P49841,3DU8,553,"A,B",2.2,0,24
1Q41,2.7.11.26,P49841,1Q3D,STU,"A,B",2.2,0,24
1Q41,2.7.11.26,P49841,1Q41,IXM,"A,B",2.1,0,24
1Q41,2.7.11.26,P49841,1J1C,ADP,"A,B",2.1,0,24
1Q41,2.7.11.26,P49841,4PTE,2WF,"A,B",2.03,0,24
1Q41,2.7.11.26,P49841,4AFJ,SJJ,"A,B",1.98,0,24
1Q41,2.7.11.26,P49841,1Q5K,TMU,"A,B",1.94,0,24
1Q41,2.7.11.26,P49841,1J1B,ANP,"A,B",1.8,0,24
1R58,3.4.11.18,P50579,2EA2,F77,A,2.5,0,23
1R58,3.4.11.18,P50579,1R5H,AO2,A,2.4,0,23
1R58,3.4.11.18,P50579,2EA4,F79,A,2.35,0,23
1R58,3.4.11.18,P50579,6QEH,HZQ,A,2.17,0,23
1R58,3.4.11.18,P50579,5JI6,6KN,A,2.15,0,23
1R58,3.4.11.18,P50579,6QEG,K4K,A,2.08,0,23
1R58,3.4.11.18,P50579,1R5G,AO1,A,2.0,0,23
1R58,3.4.11.18,P50579,1KQ0,MED,A,2.0,0,23
1R58,3.4.11.18,P50579,2GA2,A19,A,1.95,0,23
1R58,3.4.11.18,P50579,5LYX,7BF,A,1.9,0,23
1R58,3.4.11.18,P50579,2ADU,R20,A,1.9,0,23
1R58,3.4.11.18,P50579,1R58,AO5,A,1.9,0,23
1R58,3.4.11.18,P50579,1KQ9,MET,A,1.9,0,23
1R58,3.4.11.18,P50579,1YW7,A41,A,1.85,0,23
1R58,3.4.11.18,P50579,6QEI,HZE,A,1.8,0,23
1R58,3.4.11.18,P50579,6QED,HZK,A,1.8,0,23
1R58,3.4.11.18,P50579,5JHU,6KO,A,1.8,0,23
1R58,3.4.11.18,P50579,6QEF,HZW,A,1.79,0,23
1R58,3.4.11.18,P50579,5LYW,7BH,A,1.69,0,23
1R58,3.4.11.18,P50579,1YW9,A84,A,1.64,0,23
1R58,3.4.11.18,P50579,6QEJ,HZT,A,1.62,0,23
1R58,3.4.11.18,P50579,5JFR,6KP,A,1.6,0,23
1R58,3.4.11.18,P50579,1QZY,TDE,A,1.6,0,23
1OWE,3.4.21.73,P00749,1OWD,497,A,2.32,0,23
1OWE,3.4.21.73,P00749,6NMB,AMH,"A,B,C,D",2.3,0,23
1OWE,3.4.21.73,P00749,2VNT,QGG,"A,B,C,D,E,F",2.2,0,23
1OWE,3.4.21.73,P00749,1U6Q,745,A,2.02,0,23
1OWE,3.4.21.73,P00749,1W13,SM1,U,2.0,0,23
1OWE,3.4.21.73,P00749,1W11,SK1,U,2.0,0,23
1OWE,3.4.21.73,P00749,1SQA,UI1,A,2.0,0,23
1OWE,3.4.21.73,P00749,1W0Z,SI1,U,1.9,0,23
1OWE,3.4.21.73,P00749,1SQT,UI3,A,1.9,0,23
1OWE,3.4.21.73,P00749,1SQO,UI2,A,1.84,0,23
1OWE,3.4.21.73,P00749,3IG6,438,"B,D",1.83,0,23
1OWE,3.4.21.73,P00749,1GJ9,134,B,1.8,0,23
1OWE,3.4.21.73,P00749,1GI9,123,B,1.8,0,23
1OWE,3.4.21.73,P00749,1GJD,136,B,1.75,0,23
1OWE,3.4.21.73,P00749,1C5X,ESI,B,1.75,0,23
1OWE,3.4.21.73,P00749,1GJC,130,B,1.73,0,23
1OWE,3.4.21.73,P00749,1C5Y,FLC,B,1.65,0,23
1OWE,3.4.21.73,P00749,1C5Y,ESP,B,1.65,0,23
1OWE,3.4.21.73,P00749,1GJ8,133,B,1.64,0,23
1OWE,3.4.21.73,P00749,1OWH,239,A,1.61,0,23
1OWE,3.4.21.73,P00749,1OWE,675,A,1.6,0,23
1OWE,3.4.21.73,P00749,1GJA,135,B,1.56,0,23
1OWE,3.4.21.73,P00749,1GJ7,132,B,1.5,0,23
1SG0,1.10.99.2,P16083,3OX2,79X,"A,B",2.41,0,21
1SG0,1.10.99.2,P16083,4GR9,372,"A,B",2.29,0,21
1SG0,1.10.99.2,P16083,3OWH,52X,"A,B",2.28,0,21
1SG0,1.10.99.2,P16083,3OVM,MZC,"A,B",2.09,0,21
1SG0,1.10.99.2,P16083,3GAM,MXX,"A,B",1.98,0,21
1SG0,1.10.99.2,P16083,4ZVM,DM2,"A,B",1.97,0,21
1SG0,1.10.99.2,P16083,4GQI,M49,"A,B",1.95,0,21
1SG0,1.10.99.2,P16083,5LBW,V0L,"A,B",1.9,0,21
1SG0,1.10.99.2,P16083,3OWX,XRA,"A,B",1.85,0,21
1SG0,1.10.99.2,P16083,3G5M,XM5,B,1.84,0,21
1SG0,1.10.99.2,P16083,3OX3,4X4,"A,B",1.8,0,21
1SG0,1.10.99.2,P16083,3FW1,STI,A,1.75,0,21
1SG0,1.10.99.2,P16083,3TE7,TE7,"A,B",1.7,0,21
1SG0,1.10.99.2,P16083,2QX8,ML2,"A,B",1.6,0,21
1SG0,1.10.99.2,P16083,2QWX,ML1,"A,B",1.5,0,21
1SG0,1.10.99.2,P16083,1XI2,CB1,"A,B",1.5,0,21
1SG0,1.10.99.2,P16083,1SG0,STL,"A,B",1.5,0,21
1SG0,1.10.99.2,P16083,3TEM,6A1,"A,B",1.45,0,21
1SG0,1.10.99.2,P16083,5LBZ,6T3,"A,B",1.4,0,21
1SG0,1.10.99.2,P16083,5LBY,6T2,"A,B",1.4,0,21
1SG0,1.10.99.2,P16083,5LBY,FAD,"A,B",1.4,0,21
1TOW,8.-.-.-,P15090,3FR5,I4A,A,2.2,0,20
1TOW,8.-.-.-,P15090,3FR2,8CA,A,2.2,0,20
1TOW,8.-.-.-,P15090,3FR4,F8A,A,2.16,0,20
1TOW,8.-.-.-,P15090,1TOW,CRZ,A,2.0,0,20
1TOW,8.-.-.-,P15090,1TOU,B1V,A,2.0,0,20
1TOW,8.-.-.-,P15090,5D48,L96,A,1.81,0,20
1TOW,8.-.-.-,P15090,2NNQ,T4B,A,1.8,0,20
1TOW,8.-.-.-,P15090,5Y13,8K0,A,1.75,0,20
1TOW,8.-.-.-,P15090,5Y12,8JX,A,1.75,0,20
1TOW,8.-.-.-,P15090,5D4A,57Q,A,1.7,0,20
1TOW,8.-.-.-,P15090,5D47,L19,A,1.7,0,20
1TOW,8.-.-.-,P15090,5D45,57P,A,1.65,0,20
1TOW,8.-.-.-,P15090,5Y0X,8JR,A,1.6,0,20
1TOW,8.-.-.-,P15090,5Y0G,8JL,A,1.54,0,20
1TOW,8.-.-.-,P15090,5Y0F,8JO,A,1.54,0,20
1TOW,8.-.-.-,P15090,2HNX,PLM,A,1.5,0,20
1TOW,8.-.-.-,P15090,5EDC,5M7,A,1.29,0,20
1TOW,8.-.-.-,P15090,5EDB,5M8,A,1.18,0,20
1TOW,8.-.-.-,P15090,5HZ6,65Y,A,1.14,0,20
1TOW,8.-.-.-,P15090,5HZ8,65Z,A,1.12,0,20
1V4S,2.7.1.2,P35557,5V4W,8WM,A,2.39,0,18
1V4S,2.7.1.2,P35557,4DHY,S41,A,2.38,0,18
1V4S,2.7.1.2,P35557,4RCH,3LZ,A,2.3,0,18
1V4S,2.7.1.2,P35557,3VEY,AGS,A,2.25,0,18
1V4S,2.7.1.2,P35557,3VEY,0H5,A,2.25,0,18
1V4S,2.7.1.2,P35557,3A0I,AJI,X,2.2,0,18
1V4S,2.7.1.2,P35557,3FGU,BGC,A,2.15,0,18
1V4S,2.7.1.2,P35557,3FGU,ANP,A,2.15,0,18
1V4S,2.7.1.2,P35557,3H1V,TK1,X,2.11,0,18
1V4S,2.7.1.2,P35557,4ISF,1FX,A,2.09,0,18
1V4S,2.7.1.2,P35557,5V4X,8WJ,A,2.08,0,18
1V4S,2.7.1.2,P35557,3IMX,B84,A,2.0,0,18
1V4S,2.7.1.2,P35557,3VF6,0H6,A,1.86,0,18
1V4S,2.7.1.2,P35557,3VEV,0H4,A,1.8,0,18
1V4S,2.7.1.2,P35557,4DCH,4DC,A,1.79,0,18
1V4S,2.7.1.2,P35557,4ISE,1FW,A,1.78,0,18
1V4S,2.7.1.2,P35557,3F9M,MRK,A,1.5,0,18
1V4S,2.7.1.2,P35557,3F9M,GLC,A,1.5,0,18
1SJ0,15.-.-.-,P03372,6DF6,G8Y,"A,B,C,D",2.5,0,18
1SJ0,15.-.-.-,P03372,1GWQ,ZTW,"A,B",2.45,0,18
1SJ0,15.-.-.-,P03372,3DT3,369,"A,B",2.4,0,18
1SJ0,15.-.-.-,P03372,2IOK,IOK,"A,B",2.4,0,18
1SJ0,15.-.-.-,P03372,5T92,77W,"A,B",2.22,0,18
1SJ0,15.-.-.-,P03372,1YIN,CM3,A,2.2,0,18
1SJ0,15.-.-.-,P03372,6DFN,G91,"B,D",2.1,0,18
1SJ0,15.-.-.-,P03372,6DFN,G9J,"A,B,C,D",2.1,0,18
1SJ0,15.-.-.-,P03372,3UUC,0D1,"A,B,C,D",2.1,0,18
1SJ0,15.-.-.-,P03372,2OUZ,C3D,A,2.0,0,18
1SJ0,15.-.-.-,P03372,1YIM,CM4,A,1.9,0,18
1SJ0,15.-.-.-,P03372,1SJ0,E4D,A,1.9,0,18
1SJ0,15.-.-.-,P03372,6IAR,H8W,A,1.84,0,18
1SJ0,15.-.-.-,P03372,1XP9,AIJ,A,1.8,0,18
1SJ0,15.-.-.-,P03372,1XP1,AIH,A,1.8,0,18
1SJ0,15.-.-.-,P03372,1XP6,AIU,A,1.7,0,18
1SJ0,15.-.-.-,P03372,2IOG,IOG,A,1.6,0,18
1SJ0,15.-.-.-,P03372,1XPC,AIT,A,1.6,0,18
1OF1,2.7.1.21,P03176,1E2P,CCV,"A,B",2.5,0,18
1OF1,2.7.1.21,P03176,1KI6,AHU,"A,B",2.37,0,18
1OF1,2.7.1.21,P03176,1KI3,PE2,"A,B",2.37,0,18
1OF1,2.7.1.21,P03176,1KI4,BTD,"A,B",2.34,0,18
1OF1,2.7.1.21,P03176,1KI8,BVD,"A,B",2.2,0,18
1OF1,2.7.1.21,P03176,1KI7,ID2,"A,B",2.2,0,18
1OF1,2.7.1.21,P03176,1KI2,GA2,"A,B",2.2,0,18
1OF1,2.7.1.21,P03176,1E2N,RCA,"A,B",2.2,0,18
1OF1,2.7.1.21,P03176,1E2M,HPT,"A,B",2.2,0,18
1OF1,2.7.1.21,P03176,1P7C,T5A,A,2.1,0,18
1OF1,2.7.1.21,P03176,1P7C,THM,B,2.1,0,18
1OF1,2.7.1.21,P03176,3F0T,NCV,"A,B",2.0,0,18
1OF1,2.7.1.21,P03176,1OF1,SCT,"A,B",1.95,0,18
1OF1,2.7.1.21,P03176,2KI5,AC2,"A,B",1.9,0,18
1OF1,2.7.1.21,P03176,1QHI,BPG,"A,B",1.9,0,18
1OF1,2.7.1.21,P03176,1E2I,APS,"A,B",1.9,0,18
1OF1,2.7.1.21,P03176,1E2I,ARP,"A,B",1.9,0,18
1OF1,2.7.1.21,P03176,1E2K,TMC,"A,B",1.7,0,18
1K3U,4.2.1.20,P00929,1CX9,NHP,A,2.3,0,17
1K3U,4.2.1.20,P00929,1C9D,HF1,A,2.3,0,17
1K3U,4.2.1.20,P00929,1FUY,FIP,A,2.25,0,17
1K3U,4.2.1.20,P00929,1C8V,HE1,A,2.2,0,17
1K3U,4.2.1.20,P00929,1CW2,HSP,A,2.0,0,17
1K3U,4.2.1.20,P00929,1K7F,IAV,A,1.9,0,17
1K3U,4.2.1.20,P00929,1QOQ,IGP,A,1.8,0,17
1K3U,4.2.1.20,P00929,1K8Z,IAG,A,1.7,0,17
1K3U,4.2.1.20,P00929,1K3U,IAD,A,1.7,0,17
1K3U,4.2.1.20,P00929,2CLO,F19,A,1.5,0,17
1K3U,4.2.1.20,P00929,2CLK,G3H,A,1.5,0,17
1K3U,4.2.1.20,P00929,2CLE,F6F,A,1.5,0,17
1K3U,4.2.1.20,P00929,1WBJ,G3P,A,1.5,0,17
1K3U,4.2.1.20,P00929,1TJP,HPF,A,1.5,0,17
1K3U,4.2.1.20,P00929,1K8Y,13P,A,1.5,0,17
1K3U,4.2.1.20,P00929,1QOP,IPL,A,1.4,0,17
1K3U,4.2.1.20,P00929,4HT3,F9F,A,1.3,0,17
1T9B,2.2.1.6,P07342,1T9C,1SM,"A,B",2.34,0,16
1T9B,2.2.1.6,P07342,1T9C,P23,B,2.34,0,16
1T9B,2.2.1.6,P07342,5WKC,F50,"A,B,E",2.33,0,16
1T9B,2.2.1.6,P07342,5WKC,AUJ,A,2.33,0,16
1T9B,2.2.1.6,P07342,5WKC,PXD,"A,B,D,E",2.33,0,16
1T9B,2.2.1.6,P07342,5WKC,TP9,"B,D,E",2.33,0,16
1T9B,2.2.1.6,P07342,1T9D,1MM,"A,B",2.3,0,16
1T9B,2.2.1.6,P07342,1T9D,PYD,"A,B,C,D",2.3,0,16
1T9B,2.2.1.6,P07342,1T9B,1CS,"A,B",2.2,0,16
1T9B,2.2.1.6,P07342,1T9B,P25,B,2.2,0,16
1T9B,2.2.1.6,P07342,1T9B,YF3,A,2.2,0,16
1T9B,2.2.1.6,P07342,1T9B,P22,A,2.2,0,16
1T9B,2.2.1.6,P07342,1T9B,NSP,A,2.2,0,16
1T9B,2.2.1.6,P07342,5FEM,60G,"A,B",2.17,0,16
1T9B,2.2.1.6,P07342,5FEM,FAD,"A,B",2.17,0,16
1T9B,2.2.1.6,P07342,5FEM,TPP,"A,B",2.17,0,16
1SQN,18.-.-.-,P06401,4OAR,2S0,A,2.41,0,15
1SQN,18.-.-.-,P06401,3D90,NOG,"A,B",2.26,0,15
1SQN,18.-.-.-,P06401,3HQ5,GKK,"A,B",2.1,0,15
1SQN,18.-.-.-,P06401,4A2J,AS0,"A,B",2.0,0,15
1SQN,18.-.-.-,P06401,3KBA,WOW,"A,B",2.0,0,15
1SQN,18.-.-.-,P06401,1ZUC,T98,"A,B",2.0,0,15
1SQN,18.-.-.-,P06401,4APU,A2K,B,1.9,0,15
1SQN,18.-.-.-,P06401,3ZRA,ORB,"A,B",1.9,0,15
1SQN,18.-.-.-,P06401,3G8O,30X,"A,B",1.9,0,15
1SQN,18.-.-.-,P06401,3ZRB,ORC,B,1.8,0,15
1SQN,18.-.-.-,P06401,3ZRB,OR8,A,1.8,0,15
1SQN,18.-.-.-,P06401,2W8Y,NDR,B,1.8,0,15
1SQN,18.-.-.-,P06401,2W8Y,486,A,1.8,0,15
1SQN,18.-.-.-,P06401,1A28,STR,"A,B",1.8,0,15
1SQN,18.-.-.-,P06401,1SR7,MOF,"A,B",1.46,0,15
1W2G,2.7.4.9,P9WKE1,4UNN,QZZ,"A,B",2.5,0,14
1W2G,2.7.4.9,P9WKE1,1MRN,T5A,A,2.45,0,14
1W2G,2.7.4.9,P9WKE1,5NR7,YUI,"A,B",2.35,0,14
1W2G,2.7.4.9,P9WKE1,4UNQ,H6D,"A,B",2.3,0,14
1W2G,2.7.4.9,P9WKE1,4UNP,TXW,A,2.3,0,14
1W2G,2.7.4.9,P9WKE1,4UNS,QZ3,"A,B",2.18,0,14
1W2G,2.7.4.9,P9WKE1,1W2G,THM,"A,B",2.1,0,14
1W2G,2.7.4.9,P9WKE1,1W2H,ATM,B,2.0,0,14
1W2G,2.7.4.9,P9WKE1,1MRS,5HU,A,2.0,0,14
1W2G,2.7.4.9,P9WKE1,4UNR,QZE,"A,B",1.98,0,14
1W2G,2.7.4.9,P9WKE1,1N5J,TTP,A,1.85,0,14
1W2G,2.7.4.9,P9WKE1,1N5J,TYD,A,1.85,0,14
1W2G,2.7.4.9,P9WKE1,1N5I,ATP,A,1.85,0,14
1W2G,2.7.4.9,P9WKE1,1N5I,TMP,A,1.85,0,14
1IA1,1.5.1.3,P22906,3QLW,N22,"A,B",2.5,0,14
1IA1,1.5.1.3,P22906,4H97,53S,"A,B",2.2,0,14
1IA1,1.5.1.3,P22906,3QLR,QLR,"A,B",2.15,0,14
1IA1,1.5.1.3,P22906,1IA4,TQ6,"A,B",1.85,0,14
1IA1,1.5.1.3,P22906,1IA2,TQ4,"A,B",1.82,0,14
1IA1,1.5.1.3,P22906,1IA3,TQ5,"A,B",1.78,0,14
1IA1,1.5.1.3,P22906,1M7A,MQU,"A,B",1.76,0,14
1IA1,1.5.1.3,P22906,3QLS,55V,"A,B",1.73,0,14
1IA1,1.5.1.3,P22906,3QLS,NAP,"A,B",1.73,0,14
1IA1,1.5.1.3,P22906,1M78,CLZ,"A,B",1.71,0,14
1IA1,1.5.1.3,P22906,1M79,MQ1,"A,B",1.7,0,14
1IA1,1.5.1.3,P22906,1IA1,TQ3,"A,B",1.7,0,14
1IA1,1.5.1.3,P22906,1AOE,GW3,"A,B",1.6,0,14
1IA1,1.5.1.3,P22906,1AOE,NDP,"A,B",1.6,0,14
1Y6B,2.7.10.1,P35968,5EW3,5T2,"A,B",2.5,0,13
1Y6B,2.7.10.1,P35968,3CJG,KIM,A,2.25,0,13
1Y6B,2.7.10.1,P35968,3CJF,SAV,A,2.15,0,13
1Y6B,2.7.10.1,P35968,3C7Q,XIN,A,2.1,0,13
1Y6B,2.7.10.1,P35968,1Y6B,AAX,A,2.1,0,13
1Y6B,2.7.10.1,P35968,1Y6A,AAZ,A,2.1,0,13
1Y6B,2.7.10.1,P35968,6GQP,F88,A,2.09,0,13
1Y6B,2.7.10.1,P35968,2OH4,GIG,A,2.05,0,13
1Y6B,2.7.10.1,P35968,6GQO,F82,A,1.87,0,13
1Y6B,2.7.10.1,P35968,3VNT,0JA,A,1.64,0,13
1Y6B,2.7.10.1,P35968,3VHE,42Q,A,1.55,0,13
1Y6B,2.7.10.1,P35968,6GQQ,F8B,A,1.52,0,13
1Y6B,2.7.10.1,P35968,3VO3,0KF,A,1.52,0,13
1V48,2.4.2.1,P55859,1A9P,9DI,A,2.4,0,13
1V48,2.4.2.1,P55859,1V48,HA1,A,2.2,0,13
1V48,2.4.2.1,P55859,1FXU,GU7,A,2.2,0,13
1V48,2.4.2.1,P55859,2QPL,BTY,A,2.1,0,13
1V48,2.4.2.1,P55859,1LVU,9PP,"A,B,C,D,E,F",2.05,0,13
1V48,2.4.2.1,P55859,2AI1,P1G,A,2.0,0,13
1V48,2.4.2.1,P55859,1B8N,IMG,A,2.0,0,13
1V48,2.4.2.1,P55859,1A9T,R1P,A,2.0,0,13
1V48,2.4.2.1,P55859,1A9T,HPA,A,2.0,0,13
1V48,2.4.2.1,P55859,1A9S,NOS,A,2.0,0,13
1V48,2.4.2.1,P55859,2AI3,P2G,A,1.7,0,13
1V48,2.4.2.1,P55859,2AI2,P1D,A,1.7,0,13
1V48,2.4.2.1,P55859,1B8O,IMH,A,1.5,0,13
1XOZ,3.1.4.35,O76074,3SHZ,5CO,A,2.45,0,12
1XOZ,3.1.4.35,O76074,4OEW,5IO,A,2.44,0,12
1XOZ,3.1.4.35,O76074,4G2Y,NI5,A,2.4,0,12
1XOZ,3.1.4.35,O76074,4G2W,NI0,A,2.28,0,12
1XOZ,3.1.4.35,O76074,4IA0,5BB,A,2.17,0,12
1XOZ,3.1.4.35,O76074,4OEX,5EO,A,2.14,0,12
1XOZ,3.1.4.35,O76074,4I9Z,5BA,A,2.08,0,12
1XOZ,3.1.4.35,O76074,4MD6,24E,A,2.0,0,12
1XOZ,3.1.4.35,O76074,3BJC,WAN,A,2.0,0,12
1XOZ,3.1.4.35,O76074,3TGE,TGE,A,1.96,0,12
1XOZ,3.1.4.35,O76074,3SIE,5BO,"A,B",1.93,0,12
1XOZ,3.1.4.35,O76074,2H44,7CA,A,1.8,0,12
1UML,3.5.4.4,P56658,2E1W,FR6,A,2.5,0,12
1UML,3.5.4.4,P56658,1WXY,FRK,A,2.5,0,12
1UML,3.5.4.4,P56658,1V7A,FRC,A,2.5,0,12
1UML,3.5.4.4,P56658,1V79,FR7,A,2.5,0,12
1UML,3.5.4.4,P56658,1UML,FR4,A,2.5,0,12
1UML,3.5.4.4,P56658,1KRM,PRH,A,2.5,0,12
1UML,3.5.4.4,P56658,1O5R,FR9,A,2.35,0,12
1UML,3.5.4.4,P56658,1NDV,FR0,A,2.3,0,12
1UML,3.5.4.4,P56658,1QXL,FR8,A,2.25,0,12
1UML,3.5.4.4,P56658,1NDZ,FR5,A,2.0,0,12
1UML,3.5.4.4,P56658,1NDY,FR3,A,2.0,0,12
1UML,3.5.4.4,P56658,1NDW,FR2,A,2.0,0,12
1L7F,3.2.1.18,P03472,1INY,EQP,A,2.4,0,12
1L7F,3.2.1.18,P03472,1XOE,ABX,A,2.2,0,12
1L7F,3.2.1.18,P03472,4WEG,DF4,A,2.1,0,12
1L7F,3.2.1.18,P03472,4WEG,SFJ,A,2.1,0,12
1L7F,3.2.1.18,P03472,1BJI,DPC,A,2.0,0,12
1L7F,3.2.1.18,P03472,2QWK,G39,A,1.8,0,12
1L7F,3.2.1.18,P03472,1NNC,ZMR,A,1.8,0,12
1L7F,3.2.1.18,P03472,1L7F,BCZ,A,1.8,0,12
1L7F,3.2.1.18,P03472,1F8C,4AM,A,1.7,0,12
1L7F,3.2.1.18,P03472,4DGR,3LV,A,1.55,0,12
1L7F,3.2.1.18,P03472,1F8E,49A,A,1.4,0,12
1L7F,3.2.1.18,P03472,1F8D,9AM,A,1.4,0,12
1JD0,4.2.1.1,O43570,4Q0L,V14,"A,B,C,D",2.0,0,12
1JD0,4.2.1.1,O43570,4QJO,V1F,"A,B,C,D",1.8,0,12
1JD0,4.2.1.1,O43570,4KP8,E1G,"A,B,D",1.8,0,12
1JD0,4.2.1.1,O43570,4QJW,WWO,"A,B,C,D",1.55,0,12
1JD0,4.2.1.1,O43570,4QJ0,WWX,"A,B,C,D",1.55,0,12
1JD0,4.2.1.1,O43570,1JD0,AZM,"A,B",1.5,0,12
1JD0,4.2.1.1,O43570,4KP5,E1F,"A,B,C,D",1.45,0,12
1JD0,4.2.1.1,O43570,4HT2,V50,"A,B,C,D",1.45,0,12
1JD0,4.2.1.1,O43570,6G7A,EOQ,"A,B,C,D",1.42,0,12
1JD0,4.2.1.1,O43570,4WW8,VD9,"A,B,C,D",1.42,0,12
1JD0,4.2.1.1,O43570,5MSB,V13,"A,B,C,D",1.3,0,12
1JD0,4.2.1.1,O43570,6G5L,EM5,"A,B,C,D",1.21,0,12
1XM6,3.1.4.17,Q07343,3WD9,QPC,"A,B",2.5,0,11
1XM6,3.1.4.53,Q07343,5LAQ,6M5,A,2.4,0,11
1XM6,3.1.4.17,Q07343,1Y2H,6DE,"A,B",2.4,0,11
1XM6,3.1.4.17,Q07343,3W5E,NVW,"A,B",2.3,0,11
1XM6,3.1.4.17,Q07343,1XMU,ROF,"A,B",2.3,0,11
1XM6,3.1.4.17,Q07343,4NW7,2O5,A,2.15,0,11
1XM6,3.1.4.17,Q07343,2QYL,NPV,A,1.95,0,11
1XM6,3.1.4.17,Q07343,1XM6,5RM,"A,B",1.92,0,11
1XM6,3.1.4.17,Q07343,4MYQ,19T,A,1.9,0,11
1XM6,3.1.4.53,Q07343,5OHJ,9VE,"A,B",1.6,0,11
1XM6,3.1.4.17,Q07343,4KP6,1S1,A,1.5,0,11
1OPK,2.7.10.2,P00520,1FPU,PRC,"A,B",2.4,0,11
1OPK,2.7.10.2,P00520,6HD6,FYH,A,2.3,0,11
1OPK,2.7.10.2,P00520,6HD4,FYW,"A,B",2.03,0,11
1OPK,2.7.10.2,P00520,3MSS,MS7,"A,B,C,D",1.95,0,11
1OPK,2.7.10.2,P00520,2QOH,P3Y,"A,B",1.95,0,11
1OPK,2.7.10.2,P00520,3KF4,B90,"A,B",1.9,0,11
1OPK,2.7.10.2,P00520,3MS9,MS9,"A,B",1.8,0,11
1OPK,2.7.10.2,P00520,1OPJ,MYR,"A,B",1.75,0,11
1OPK,2.7.10.2,P00520,3K5V,STJ,"A,B",1.74,0,11
1OPK,2.7.10.2,P00520,3K5V,STI,"A,B",1.74,0,11
1OPK,2.7.10.2,P00520,3KFA,B91,"A,B",1.22,0,11
1MZC,2.5.1.58,P49356,1JCQ,739,B,2.3,0,11
1MZC,2.5.1.58,P49356,1SA4,JAN,B,2.1,0,11
1MZC,2.5.1.58,P49356,1MZC,BNE,B,2.0,0,11
1MZC,2.5.1.58,P49356,1LD7,U66,B,2.0,0,11
1MZC,2.5.1.58,P49356,1S63,778,B,1.9,0,11
1MZC,2.5.1.58,P49356,3E37,ED5,B,1.8,0,11
1MZC,2.5.1.58,P49356,2IEJ,FII,B,1.8,0,11
1MZC,2.5.1.58,P49356,2IEJ,S48,B,1.8,0,11
1MZC,2.5.1.58,P49356,1LD8,FPP,B,1.8,0,11
1MZC,2.5.1.58,P49356,1LD8,SUC,B,1.8,0,11
1MZC,2.5.1.58,P49356,1LD8,U49,B,1.8,0,11
1YWR,2.7.11.24,P47811,3P7A,P7A,A,2.31,0,10
1YWR,2.7.11.24,P47811,3P7C,P7C,A,2.3,0,10
1YWR,2.7.11.24,P47811,3P78,P78,A,2.3,0,10
1YWR,2.7.11.24,P47811,3P79,P79,A,2.1,0,10
1YWR,2.7.11.24,P47811,2EWA,SB2,A,2.1,0,10
1YWR,2.7.11.24,P47811,3P5K,P5K,A,2.09,0,10
1YWR,2.7.11.24,P47811,4LOO,SB4,A,1.95,0,10
1YWR,2.7.11.24,P47811,3P7B,P7B,A,1.9,0,10
1YWR,2.7.11.24,P47811,2GTM,LID,A,1.9,0,10
1YWR,2.7.11.24,P47811,2GTN,LIE,A,1.8,0,10
1YV3,3.6.1.32,P08799,2XEL,IA2,A,2.5,0,10
1YV3,3.6.1.32,P08799,2XO8,H70,A,2.4,0,10
1YV3,3.6.1.32,P08799,3MJX,BIT,A,2.2,0,10
1YV3,3.6.1.32,P08799,3MJX,AD9,A,2.2,0,10
1YV3,3.6.1.32,P08799,3BZ8,BL6,A,2.2,0,10
1YV3,3.6.1.32,P08799,1FMW,ATP,A,2.15,0,10
1YV3,3.6.1.32,P08799,3BZ9,BL7,A,2.1,0,10
1YV3,3.6.1.32,P08799,1MMG,AGS,A,2.1,0,10
1YV3,3.6.1.32,P08799,3BZ7,ADP,A,2.0,0,10
1YV3,3.6.1.32,P08799,3BZ7,BL4,A,2.0,0,10
1U1C,2.4.2.3,P12758,1U1F,183,"A,B,C,D,E,F",2.3,0,10
1U1C,2.4.2.3,P12758,1U1C,BAU,"A,B,C,D,E,F",2.2,0,10
1U1C,2.4.2.3,P12758,1TGY,URA,"A,B",2.2,0,10
1U1C,2.4.2.3,P12758,1TGY,R1P,"A,B",2.2,0,10
1U1C,2.4.2.3,P12758,1TGV,5UD,"A,B",2.2,0,10
1U1C,2.4.2.3,P12758,1U1E,182,"A,B,C,D,E,F",2.0,0,10
1U1C,2.4.2.3,P12758,1U1D,181,"A,B,C,D,E,F",2.0,0,10
1U1C,2.4.2.3,P12758,1U1G,BBB,"A,B,C,D,E,F",1.95,0,10
1U1C,2.4.2.3,P12758,3KVV,URF,"A,B,C,D,E,F",1.8,0,10
1U1C,2.4.2.3,P12758,3KVV,R2B,"A,B,C,D,E,F",1.8,0,10
1HVY,2.1.1.45,P04818,6PF6,OEJ,"B,C",2.5,0,9
1HVY,2.1.1.45,P04818,6PF5,OED,"A,B,C,D",2.39,0,9
1HVY,2.1.1.45,P04818,6PF3,OE7,"A,B,C,D",2.39,0,9
1HVY,2.1.1.45,P04818,4E28,9MZ,A,2.3,0,9
1HVY,2.1.1.45,P04818,4E28,0MZ,A,2.3,0,9
1HVY,2.1.1.45,P04818,5X67,7Z9,"A,B",2.13,0,9
1HVY,2.1.1.45,P04818,6QXG,UFP,"A,B,C",2.08,0,9
1HVY,2.1.1.45,P04818,5X66,MTX,"A,B,C,D,E,F",1.99,0,9
1HVY,2.1.1.45,P04818,5X66,UMP,"A,B,C,D,E,F",1.99,0,9
1VCJ,3.2.1.18,P03474,1B9S,FDI,A,2.5,0,8
1VCJ,3.2.1.18,P03474,1VCJ,IBA,A,2.4,0,8
1VCJ,3.2.1.18,P03474,1IVB,ST1,A,2.4,0,8
1VCJ,3.2.1.18,P03474,1INV,EQP,A,2.4,0,8
1VCJ,3.2.1.18,P03474,1INF,ST4,A,2.4,0,8
1VCJ,3.2.1.18,P03474,1B9T,RAI,A,2.4,0,8
1VCJ,3.2.1.18,P03474,1B9V,RA2,A,2.35,0,8
1VCJ,3.2.1.18,P03474,1B9V,NAG,A,2.35,0,8
1GM8,3.5.1.11,P06875,1AI7,IPH,B,2.5,0,8
1GM8,3.5.1.11,P06875,1AJN,AAN,B,2.36,0,8
1GM8,3.5.1.11,P06875,1AI5,MNP,B,2.36,0,8
1GM8,3.5.1.11,P06875,1AI4,DHY,B,2.35,0,8
1GM8,3.5.1.11,P06875,1AJP,OMD,A,2.31,0,8
1GM8,3.5.1.11,P06875,1K7D,GRO,B,2.15,0,8
1GM8,3.5.1.11,P06875,1AJQ,SPA,B,2.05,0,8
1GM8,3.5.1.11,P06875,1GM9,SOX,B,1.8,0,8
1R1H,3.4.24.11,P08473,2YB9,HA0,A,2.4,0,6
1R1H,3.4.24.11,P08473,1R1J,OIR,A,2.35,0,6
1R1H,3.4.24.11,P08473,1Y8J,STS,A,2.25,0,6
1R1H,3.4.24.11,P08473,1DMT,RDF,A,2.1,0,6
1R1H,3.4.24.11,P08473,5JMY,6LD,"A,B",2.0,0,6
1R1H,3.4.24.11,P08473,1R1H,BIR,A,1.95,0,6
1KZK,3.4.23.16,P03369,1B6P,PI7,A,2.0,0,6
1KZK,3.4.23.16,P03369,1B6K,PI5,A,1.85,0,6
1KZK,3.4.23.16,P03369,1B6J,PI1,B,1.85,0,6
1KZK,3.4.23.16,P03369,3NXN,KVS,A,1.8,0,6
1KZK,3.4.23.16,P03369,1B6L,PI4,A,1.75,0,6
1KZK,3.4.23.16,P03369,2J9K,2NC,A,1.2,0,6
1G9V,16.-.-.-,P69905,5KDQ,KOH,C,2.15,0,6
1G9V,16.-.-.-,P69905,4M4B,NOE,A,2.0,0,6
1G9V,16.-.-.-,P69905,5E29,RQ3,A,1.85,0,6
1G9V,16.-.-.-,P69905,5E29,5JN,A,1.85,0,6
1G9V,16.-.-.-,P69905,3WHM,O4B,A,1.85,0,6
1G9V,16.-.-.-,P69905,2D5Z,L35,"A,C",1.45,0,6
2BM2,3.4.21.59,P20231,2ZA5,2FF,"A,B,C,D",2.3,0,5
2BM2,3.4.21.59,P20231,2BM2,PM2,"A,B,C,D",2.2,0,5
2BM2,3.4.21.59,P20231,3V7T,0GX,"A,B,C,D",2.09,0,5
2BM2,3.4.21.59,P20231,4A6L,P43,"A,B,C,D",2.05,0,5
2BM2,3.4.21.59,P20231,2FPZ,270,"A,B,C,D",2.0,0,5
1X8X,6.1.1.1,P0AGJ9,1X8X,TYR,A,2.0,0,5
1X8X,6.1.1.1,P0AGJ9,6HB6,YSU,"A,B",1.92,0,5
1X8X,6.1.1.1,P0AGJ9,6I5Y,YSA,"A,B",1.9,0,5
1X8X,6.1.1.1,P0AGJ9,6HB7,Y3U,"A,B",1.9,0,5
1X8X,6.1.1.1,P0AGJ9,6HB5,YSC,"A,B",1.88,0,5
1U4D,2.7.10.2,Q07912,4EWH,T77,"A,B",2.5,0,5
1U4D,2.7.10.2,Q07912,3EQP,T95,"A,B",2.3,0,5
1U4D,2.7.10.2,Q07912,5ZXB,9KO,"A,B",2.2,0,5
1U4D,2.7.10.2,Q07912,1U4D,DBQ,"A,B",2.1,0,5
1U4D,2.7.10.2,Q07912,3EQR,T74,"A,B",2.0,0,5
1T46,2.7.10.1,P10721,6KLA,DJX,A,2.11,0,5
1T46,2.7.10.1,P10721,4U0I,0LI,A,2.0,0,5
1T46,2.7.10.1,P10721,6MOB,JWY,A,1.8,0,5
1T46,2.7.10.1,P10721,3G0E,B49,A,1.6,0,5
1T46,2.7.10.1,P10721,1T46,STI,A,1.6,0,5
1Q1G,2.4.2.1,Q8I3X4,1NW4,IMH,"A,B,C,D,E,F",2.2,0,5
1Q1G,2.4.2.1,Q8I3X4,3ENZ,R1X,"A,B,C,D,E,F",2.03,0,5
1Q1G,2.4.2.1,Q8I3X4,3ENZ,HPA,"A,B,C,D,E,F",2.03,0,5
1Q1G,2.4.2.1,Q8I3X4,1Q1G,MTI,"A,B,C,D,E,F",2.02,0,5
1Q1G,2.4.2.1,Q8I3X4,2BSX,NOS,A,2.0,0,5
1P62,2.7.1.74,P27707,3MJR,UDP,"A,B,C,D",2.1,0,5
1P62,2.7.1.74,P27707,3MJR,AC2,"A,B,D",2.1,0,5
1P62,2.7.1.74,P27707,3IPX,B86,A,2.0,0,5
1P62,2.7.1.74,P27707,1P5Z,AR3,B,1.6,0,5
1P62,2.7.1.74,P27707,1P5Z,ADP,B,1.6,0,5
1MEH,1.1.1.205,P50097,1LRT,IMP,"A,B,C,D",2.2,0,5
1MEH,1.1.1.205,P50097,1LRT,TAD,"A,B,C,D",2.2,0,5
1MEH,1.1.1.205,P50097,1MEW,NAD,A,2.15,0,5
1MEH,1.1.1.205,P50097,1MEW,XMP,A,2.15,0,5
1MEH,1.1.1.205,P50097,1PVN,MZP,"A,B,C,D",2.0,0,5
1GKC,3.4.24.35,P14780,1GKC,NFH,"A,B",2.3,0,5
1GKC,3.4.24.35,P14780,5UE4,5XQ,B,1.8,0,5
1GKC,3.4.24.35,P14780,4WZV,E40,"A,B",1.65,0,5
1GKC,3.4.24.35,P14780,5I12,H27,A,1.59,0,5
1GKC,3.4.24.35,P14780,4XCT,N73,A,1.3,0,5
1W1P,3.2.1.14,Q54276,1W1P,GIO,"A,B",2.1,0,4
1W1P,3.2.1.14,Q54276,1E6Z,NAG,B,1.99,0,4
1W1P,3.2.1.14,Q54276,1E6Z,NGO,"A,B",1.99,0,4
1W1P,3.2.1.14,Q54276,1W1V,ALJ,"A,B",1.85,0,4
1OF6,4.1.2.15,P32449,1OF6,DTY,"A,B,C,D,E,F,G,H",2.1,0,4
1OF6,4.1.2.15,P32449,1OFO,PGA,"A,B",1.86,0,4
1OF6,4.1.2.15,P32449,1OF8,PEP,"A,B",1.5,0,4
1OF6,4.1.2.15,P32449,1OF8,G3P,"A,B",1.5,0,4
1NAV,18.-.-.-,P10827,1NAV,IH5,A,2.5,0,4
1NAV,18.-.-.-,P10827,4LNX,T44,A,2.05,0,4
1NAV,18.-.-.-,P10827,3JZB,4HY,A,2.01,0,4
1NAV,18.-.-.-,P10827,3ILZ,B72,A,1.85,0,4
1UOU,2.4.2.4,P19971,2WK6,IUR,"A,B",2.5,0,3
1UOU,2.4.2.4,P19971,2J0F,TDR,"A,B,C",2.31,0,3
1UOU,2.4.2.4,P19971,1UOU,CMU,A,2.11,0,3
1Q4G,1.14.99.1,P05979,4O1Z,MXM,"A,B",2.4,0,3
1Q4G,1.14.99.1,P05979,2AYL,FLP,"A,B",2.0,0,3
1Q4G,1.14.99.1,P05979,1Q4G,BFL,"A,B",2.0,0,3
1JJE,3.5.2.6,Q79MP6,3WXC,C93,"A,B",2.1,0,3
1JJE,3.5.2.6,Q79MP6,1JJT,BDS,"A,B",1.8,0,3
1JJE,3.5.2.6,Q79MP6,1JJE,BYS,"A,B",1.8,0,3
1J3J,1.5.1.3,P13922,1J3J,UMP,"C,D",2.3,0,3
1J3J,1.5.1.3,P13922,1J3J,NDP,"A,B",2.3,0,3
1J3J,1.5.1.3,P13922,1J3J,CP6,"A,B",2.3,0,3
1IG3,2.7.6.2,Q9R0M5,2F17,PYI,"A,B",2.5,0,3
1IG3,2.7.6.2,Q9R0M5,2F17,AMP,A,2.5,0,3
1IG3,2.7.6.2,Q9R0M5,1IG3,VIB,"A,B",1.9,0,3
1HP0,3.2.2.1,Q9GPQ4,3EPX,IMQ,"A,B",1.85,0,3
1HP0,3.2.2.1,Q9GPQ4,3B9G,IMH,"A,B",1.4,0,3
1HP0,3.2.2.1,Q9GPQ4,3EPW,JMQ,"A,B",1.3,0,3
1TT1,18.-.-.-,P42260,4H8I,11W,A,2.0,0,2
1TT1,18.-.-.-,P42260,1S9T,QUS,"A,B",1.8,0,2
1SQ5,2.7.1.33,P0A6I3,1SQ5,PAU,"A,B,C,D",2.2,0,2
1SQ5,2.7.1.33,P0A6I3,1SQ5,ADP,"A,B,C,D",2.2,0,2
1R9O,1.14.14.1,P11712,5K7K,6RJ,A,2.3,0,2
1R9O,1.14.14.1,P11712,5W0C,9W6,A,2.0,0,2
1N46,18.-.-.-,P10828,1N46,PFA,"A,B",2.2,0,2
1N46,18.-.-.-,P10828,6KKB,8HO,X,1.7,0,2
1YVF,2.7.7.48,O93077,1YVF,PH7,A,2.5,0,1
1YQY,3.4.24.83,P15917,4DV8,0LX,A,1.63,0,1
1V0P,2.7.1.23,Q07785,1V0O,INR,"A,B",1.9,0,1
1UNL,2.7.11.22,Q00535,4AU8,Z3R,"A,B",1.9,0,1
1N2J,2.4.2.1,P9WIL5,1N3I,DIH,"A,B,C",1.9,0,1
